Borough,year,month,Refuse,Paper,MGP
Brooklyn,2020,5,3395.3,415.9,440.0
Brooklyn,2020,8,3722.6,424.6,457.7
Brooklyn,2020,3,3052.6,421.9,425.8
Brooklyn,2021,5,3421.6,400.8,389.0
Brooklyn,2021,8,3517.7,414.8,385.5
Brooklyn,2021,11,747.3,92.5,87.2
Staten,2020,7,6772.4,900.7,960.4
Queens,2020,12,5191.7,794.5,918.7
Queens,2021,11,1153.7,134.5,148.2
Brooklyn,2020,7,6732.9,679.8,857.7
Queens,2020,5,6563.7,474.0,1065.8
Queens,2020,9,6561.8,520.0,985.4
Queens,2021,3,5640.0,455.7,950.8
Bronx,2021,5,3926.9,270.1,411.8
Staten,2020,5,6495.4,651.4,925.8
Staten,2021,2,4009.7,480.9,563.4
Staten,2021,8,6146.0,609.7,728.6
Staten,2021,11,1233.6,128.9,136.3
Queens,2021,5,7684.0,524.8,953.1
Queens,2020,4,3888.5,607.4,768.9
Queens,2020,11,4221.7,641.8,657.0
Queens,2020,1,3935.7,662.1,696.1
Queens,2021,3,4285.6,669.3,714.4
Queens,2021,10,4325.2,613.6,601.4
Brooklyn,2020,7,4937.5,599.2,598.6
Brooklyn,2021,5,4803.8,535.2,513.8
Brooklyn,2021,6,5237.2,601.1,548.2
Brooklyn,2021,10,5167.2,532.0,484.1
Queens,2020,7,4904.7,517.0,770.5
Brooklyn,2020,2,3871.4,212.0,343.6
Brooklyn,2021,2,3980.1,237.7,349.4
Brooklyn,2021,5,5043.1,280.1,447.7
Brooklyn,2020,4,1865.0,500.2,479.3
Brooklyn,2020,6,2357.8,544.4,488.0
Brooklyn,2021,11,506.5,125.8,93.3
Queens,2020,4,4465.5,335.6,567.5
Bronx,2021,1,3697.3,418.6,625.2
Bronx,2020,11,4292.3,385.7,571.6
Bronx,2020,12,4174.0,488.3,684.6
Bronx,2021,8,4475.6,372.7,622.2
Staten,2020,1,3946.9,586.0,534.8
Staten,2020,8,5021.5,533.7,710.5
Queens,2021,2,5389.6,665.2,659.7
Queens,2020,12,6902.1,949.7,896.9
Queens,2020,11,7212.0,760.5,760.6
Brooklyn,2020,2,4062.5,429.5,360.5
Brooklyn,2020,8,5137.8,474.8,506.7
Brooklyn,2021,7,5210.8,480.1,431.0
Brooklyn,2021,10,5232.2,475.4,403.8
Brooklyn,2020,9,2349.3,204.3,261.1
Brooklyn,2021,1,2035.1,207.3,260.1
Queens,2020,1,2927.0,461.1,438.2
Queens,2021,2,2648.2,392.1,386.2
Queens,2021,10,3496.4,458.0,394.4
Queens,2020,6,4630.9,402.8,573.4
Queens,2020,11,4148.6,335.9,546.4
Queens,2020,3,3948.8,315.7,428.0
Queens,2021,8,4350.3,326.8,636.6
Queens,2021,11,982.3,76.0,103.8
Brooklyn,2020,11,6513.2,655.3,359.1
Brooklyn,2021,2,5808.0,634.2,355.2
Queens,2021,7,4564.7,406.1,615.9
Queens,2020,2,2367.0,212.7,234.0
Queens,2021,9,3369.7,265.4,288.5
Brooklyn,2020,1,2450.4,582.7,463.8
Brooklyn,2020,4,2007.9,450.1,466.0
Brooklyn,2020,11,2638.5,500.7,422.8
Brooklyn,2021,4,2329.4,503.5,406.2
Brooklyn,2020,2,2255.0,479.1,382.4
Bronx,2020,8,3655.9,281.5,468.0
Bronx,2020,9,3443.4,281.5,447.6
Bronx,2020,6,3745.5,345.4,521.1
Bronx,2021,5,3270.4,302.2,373.7
Queens,2020,3,2685.3,459.8,468.4
Queens,2021,1,2700.7,478.2,463.9
Queens,2021,4,2913.8,413.4,430.1
Queens,2021,1,3487.0,477.6,433.2
Queens,2021,2,2949.3,383.2,358.1
Brooklyn,2020,7,3906.2,532.2,555.0
Brooklyn,2020,8,3815.1,484.6,515.6
Brooklyn,2020,6,5294.7,392.5,607.7
Brooklyn,2021,3,4746.6,351.2,490.7
Brooklyn,2021,9,5015.1,337.6,496.7
Queens,2020,8,3180.1,421.7,424.6
Queens,2021,1,2685.3,439.5,428.7
Brooklyn,2021,4,2478.4,302.1,280.2
Brooklyn,2021,6,3114.1,401.6,363.5
Brooklyn,2021,8,2889.6,364.8,329.2
Bronx,2020,6,2430.3,207.1,209.4
Bronx,2020,5,2225.8,150.9,159.2
Brooklyn,2020,2,1796.4,94.7,146.8
Brooklyn,2020,1,2022.3,125.5,188.0
Brooklyn,2021,3,2427.7,123.6,196.8
Brooklyn,2021,6,2725.9,118.7,198.0
Bronx,2020,4,1480.8,102.0,170.9
Bronx,2021,1,1546.8,145.7,173.4
Bronx,2020,10,1736.9,157.1,199.5
Bronx,2021,6,1731.7,113.9,152.6
Manhattan,2020,12,4467.1,1168.4,844.0
Manhattan,2021,4,3909.5,977.3,731.8
Manhattan,2021,9,4554.8,1142.5,707.2
Manhattan,2020,10,2911.0,413.2,359.6
Manhattan,2020,5,2674.8,292.0,346.9
Manhattan,2020,7,3056.7,380.5,394.2
Manhattan,2020,8,3037.6,345.7,332.7
Manhattan,2021,6,3017.9,403.8,318.2
Manhattan,2021,3,2870.2,363.5,322.4
Manhattan,2021,10,2919.1,395.7,290.4
Manhattan,2021,8,2862.9,362.7,268.0
Manhattan,2020,4,1259.9,316.3,308.2
Manhattan,2021,2,1656.5,385.4,282.3
Manhattan,2020,7,3011.6,326.4,325.3
Manhattan,2020,12,2843.8,368.7,322.5
Manhattan,2021,4,2427.2,288.6,271.7
Bronx,2020,2,3589.5,212.3,335.3
Brooklyn,2020,8,5249.8,745.7,588.6
Brooklyn,2021,10,6249.4,729.5,485.5
Brooklyn,2020,3,3943.5,392.5,408.3
Brooklyn,2021,1,4108.9,472.8,462.8
Manhattan,2020,11,4980.6,432.5,474.8
Manhattan,2021,11,1278.3,117.4,115.4
Manhattan,2021,1,1120.7,260.9,182.2
Manhattan,2021,8,1263.9,290.4,170.6
Manhattan,2020,4,3609.6,856.8,790.8
Manhattan,2020,8,4348.4,866.6,722.1
Manhattan,2021,6,5024.9,1129.1,743.6
Manhattan,2021,9,4953.4,1228.2,728.1
Bronx,2020,7,4120.4,331.8,435.4
Bronx,2020,3,3391.8,206.3,335.9
Manhattan,2020,7,2670.1,528.7,456.1
Manhattan,2021,4,2390.9,584.0,443.8
Manhattan,2020,11,2567.4,456.3,356.0
Manhattan,2020,10,2851.2,621.8,482.4
Manhattan,2021,1,2465.9,546.6,442.4
Manhattan,2021,6,2877.2,551.6,378.8
Manhattan,2021,3,2721.4,501.2,391.6
Brooklyn,2021,6,3513.4,328.0,279.6
Brooklyn,2021,5,3032.3,300.4,263.3
Manhattan,2020,12,2322.7,276.6,235.9
Manhattan,2020,5,2158.3,218.7,219.7
Bronx,2021,2,3300.6,294.4,429.7
Manhattan,2020,12,1252.2,401.5,268.2
Manhattan,2021,4,1135.6,405.8,267.9
Manhattan,2021,11,378.2,103.4,60.6
Brooklyn,2020,6,3813.0,373.0,501.8
Brooklyn,2021,4,3116.9,295.8,390.4
Brooklyn,2021,2,2743.8,280.1,354.2
Brooklyn,2021,7,3787.1,349.9,435.0
Brooklyn,2021,5,3453.8,292.0,403.1
Bronx,2021,8,2301.8,149.0,218.2
Bronx,2021,1,2248.6,205.6,220.9
Bronx,2021,2,2064.4,164.3,192.2
Bronx,2021,4,2147.9,189.6,204.7
Brooklyn,2020,10,3555.0,456.1,450.2
Brooklyn,2020,1,3132.2,444.3,435.2
Brooklyn,2021,7,3828.6,432.0,412.6
Staten,2020,2,4510.2,632.0,579.9
Staten,2021,3,6151.9,760.8,758.3
Staten,2021,5,6586.2,750.1,784.7
Staten,2021,8,6115.6,695.9,697.6
Brooklyn,2020,7,5762.9,655.5,710.2
Brooklyn,2020,3,4793.8,591.6,550.8
Brooklyn,2021,2,4307.5,504.5,492.7
Brooklyn,2020,8,5515.4,608.3,648.2
Brooklyn,2021,10,5610.4,558.2,520.4
Queens,2020,9,5552.1,647.6,867.9
Queens,2020,3,4562.3,594.1,762.2
Queens,2020,5,5577.8,601.6,1009.0
Queens,2020,8,5638.6,602.9,860.4
Queens,2020,10,5371.9,689.8,856.5
Queens,2021,5,5140.9,581.9,738.2
Brooklyn,2020,1,5060.7,591.8,644.6
Brooklyn,2021,7,6844.4,595.6,739.5
Bronx,2020,1,3664.2,237.0,365.6
Staten,2020,2,4212.7,515.5,572.9
Staten,2021,3,5940.9,640.8,788.3
Staten,2021,10,6063.0,540.4,625.0
Bronx,2020,9,2995.5,310.4,496.1
Bronx,2020,12,2779.9,403.7,474.4
Bronx,2020,3,2277.1,291.5,412.8
Bronx,2021,4,2580.5,327.3,402.8
Bronx,2021,10,3036.7,327.7,390.3
Queens,2020,7,8575.7,628.8,1250.5
Queens,2020,4,6478.1,444.2,958.4
Queens,2021,7,8474.5,602.5,1071.5
Queens,2021,4,6725.5,509.5,893.3
Queens,2021,3,7119.8,544.6,952.0
Queens,2021,11,1596.2,114.2,180.3
Queens,2020,7,4669.5,696.7,764.7
Queens,2020,9,4416.9,675.1,723.6
Queens,2021,1,3895.6,677.0,715.3
Queens,2021,2,3376.2,563.1,591.7
Queens,2021,7,4427.0,667.7,641.5
Queens,2021,8,4166.0,618.7,615.8
Brooklyn,2020,12,4869.0,685.1,602.6
Brooklyn,2020,11,4946.5,554.5,512.7
Brooklyn,2021,1,4402.3,578.3,550.1
Brooklyn,2021,7,4747.8,542.6,507.2
Queens,2020,9,4600.2,428.0,748.1
Queens,2021,7,4564.9,481.9,617.1
Queens,2021,8,4420.7,462.2,572.3
Queens,2021,9,4528.1,465.2,575.7
Brooklyn,2020,1,4358.6,288.2,459.3
Brooklyn,2021,3,5153.2,345.0,511.2
Brooklyn,2021,7,5567.7,308.5,491.5
Brooklyn,2020,1,2081.9,611.8,473.8
Queens,2020,1,4658.7,410.6,540.7
Queens,2020,8,5808.5,427.5,635.4
Queens,2021,8,5233.7,351.4,485.6
Bronx,2020,10,4405.8,444.6,648.6
Bronx,2020,6,4863.3,487.1,797.5
Bronx,2020,2,3081.5,302.5,502.5
Bronx,2020,9,4504.0,434.2,684.9
Bronx,2020,3,3480.0,351.9,562.9
Bronx,2021,4,3846.2,382.3,589.7
Staten,2020,9,4765.5,549.2,724.6
Staten,2021,4,4215.4,507.4,594.7
Staten,2021,7,4960.9,561.4,670.1
Queens,2020,1,6075.7,843.4,788.1
Brooklyn,2020,9,5222.1,491.0,497.3
Brooklyn,2021,1,4636.0,512.2,483.6
Brooklyn,2021,2,4073.5,426.0,375.9
Brooklyn,2020,3,1915.1,190.5,227.6
Brooklyn,2020,12,2218.2,217.5,240.5
Brooklyn,2021,7,2346.8,214.6,251.0
Queens,2020,9,3434.5,475.1,465.3
Queens,2020,1,3990.8,383.7,487.1
Queens,2020,10,4289.6,386.8,653.2
Queens,2021,6,4647.1,379.4,676.0
Queens,2021,7,4554.2,388.8,687.7
Queens,2021,10,4496.2,354.0,565.5
Brooklyn,2020,8,5601.7,606.4,389.4
Brooklyn,2021,1,6263.8,725.9,393.9
Brooklyn,2021,5,6708.4,659.2,385.6
Brooklyn,2021,7,5460.7,579.6,353.2
Queens,2020,6,4817.9,442.3,814.7
Queens,2020,7,4804.9,428.4,773.2
Queens,2020,5,3537.2,285.6,370.7
Queens,2020,12,3341.4,322.1,329.0
Queens,2020,8,3911.9,285.1,362.1
Brooklyn,2020,7,2663.6,502.2,478.1
Bronx,2020,3,2806.9,274.8,359.2
Bronx,2020,1,2821.3,312.8,374.3
Bronx,2021,4,3029.5,308.2,361.0
Queens,2020,6,3693.3,533.5,592.0
Queens,2020,10,3416.8,485.9,496.0
Queens,2020,1,2615.7,497.4,456.6
Queens,2021,2,2216.6,370.1,369.8
Queens,2021,10,3457.3,453.5,422.7
Queens,2021,3,3110.5,469.0,481.4
Queens,2021,11,717.0,102.1,91.6
Queens,2020,4,3384.3,430.1,468.7
Queens,2020,9,4266.4,489.9,468.4
Brooklyn,2020,5,3591.3,489.8,532.6
Brooklyn,2020,2,2818.5,418.0,408.6
Brooklyn,2020,11,3767.8,486.7,471.0
Brooklyn,2021,2,2841.6,418.8,434.0
Brooklyn,2021,7,3853.5,499.7,466.9
Brooklyn,2021,9,3752.8,508.5,471.5
Brooklyn,2021,10,4793.2,313.0,455.9
Queens,2020,5,2924.6,412.3,442.4
Queens,2020,12,2966.4,523.1,467.1
Queens,2020,7,3249.2,465.8,459.0
Queens,2020,4,2609.8,390.7,452.9
Queens,2021,10,3014.1,405.6,375.6
Queens,2021,8,2908.3,387.2,372.1
Bronx,2020,6,2686.7,412.5,487.6
Bronx,2020,7,2663.6,377.2,443.8
Bronx,2021,1,2302.2,350.0,410.6
Bronx,2020,3,2197.2,322.3,399.1
Brooklyn,2020,9,2974.2,382.4,367.0
Brooklyn,2020,3,2539.6,317.9,322.1
Brooklyn,2020,4,2396.8,286.2,324.9
Brooklyn,2021,11,660.6,75.9,66.4
Bronx,2020,7,2411.0,166.2,182.3
Bronx,2020,8,2430.6,164.8,182.7
Bronx,2021,8,2298.3,166.8,177.0
Brooklyn,2020,6,2596.3,142.4,217.4
Brooklyn,2020,3,2027.0,93.8,151.8
Brooklyn,2020,11,2382.1,112.0,185.7
Brooklyn,2020,12,2449.0,162.5,222.0
Brooklyn,2021,10,2460.3,116.2,170.2
Brooklyn,2021,8,2596.7,114.8,170.2
Bronx,2020,2,1346.8,92.5,138.4
Bronx,2020,9,1693.1,128.6,165.3
Bronx,2021,5,1588.2,119.1,153.8
Bronx,2021,8,1677.2,111.7,149.6
Bronx,2021,9,1681.6,143.5,175.1
Manhattan,2020,2,4253.6,1017.3,758.6
Manhattan,2020,11,4425.6,953.8,728.4
Manhattan,2021,10,4701.3,1104.2,745.1
Manhattan,2020,1,2857.0,381.9,365.6
Manhattan,2020,12,2773.5,389.9,354.4
Manhattan,2021,7,2945.5,412.4,325.5
Manhattan,2020,2,1717.3,412.4,310.0
Manhattan,2021,5,1859.0,450.8,315.5
Manhattan,2021,9,1980.7,498.6,306.8
Bronx,2020,1,3877.7,236.8,388.0
Bronx,2021,2,3618.8,247.9,317.5
Brooklyn,2020,7,5147.7,755.8,663.2
Brooklyn,2020,2,5065.6,605.8,451.6
Brooklyn,2020,12,4404.9,561.3,503.1
Brooklyn,2021,6,4934.2,542.3,484.6
Manhattan,2020,3,4534.5,421.5,502.1
Manhattan,2021,5,4586.6,463.9,501.9
Manhattan,2021,8,4904.7,450.4,485.4
Manhattan,2020,1,1285.2,298.7,201.0
Manhattan,2020,10,1269.2,298.9,186.5
Manhattan,2020,4,900.2,198.8,176.8
Manhattan,2021,7,1281.4,290.9,168.0
Manhattan,2021,6,1315.1,319.8,190.9
Manhattan,2021,3,4723.3,1059.9,776.1
Manhattan,2020,12,4829.9,1259.0,871.1
Bronx,2021,7,3776.0,294.1,406.4
Manhattan,2020,9,2793.8,515.8,391.2
Manhattan,2020,6,2637.9,426.8,387.5
Manhattan,2020,5,2345.4,454.8,442.6
Manhattan,2021,8,2741.8,522.6,345.6
Manhattan,2020,10,2300.3,318.0,315.6
Manhattan,2020,6,2331.2,259.9,290.4
Manhattan,2021,6,2368.9,261.4,261.9
Brooklyn,2021,2,2610.5,236.5,229.6
Manhattan,2020,7,2457.2,252.1,230.8
Manhattan,2021,2,1920.2,198.2,180.9
Manhattan,2021,1,2204.5,222.1,208.7
Manhattan,2020,11,2195.4,209.5,189.4
Manhattan,2021,7,2448.6,221.7,190.8
Manhattan,2021,10,2336.8,218.6,185.5
Bronx,2021,10,3794.4,327.5,546.8
Manhattan,2020,7,2449.5,494.5,446.4
Manhattan,2021,3,2308.8,454.0,384.5
Manhattan,2021,5,2251.4,505.3,385.3
Manhattan,2021,10,2494.0,558.0,400.4
Manhattan,2020,4,924.0,266.3,241.2
Manhattan,2020,7,1175.9,327.2,251.1
Manhattan,2020,3,1311.2,377.9,251.6
Brooklyn,2020,8,3802.3,355.7,488.0
Brooklyn,2021,8,3731.7,314.2,386.9
Brooklyn,2021,9,3857.2,337.2,408.3
Brooklyn,2021,11,840.5,68.5,83.2
Bronx,2020,12,2281.5,225.5,259.8
Bronx,2020,9,2477.3,272.6,300.4
Bronx,2021,5,2321.7,206.4,231.1
Bronx,2021,10,2453.9,150.9,204.1
Brooklyn,2020,6,3695.2,482.4,508.1
Brooklyn,2021,4,3111.9,367.9,381.0
Staten,2020,6,7161.8,857.2,980.5
Staten,2020,4,6130.2,812.2,905.4
Brooklyn,2020,5,5251.3,607.5,614.6
Brooklyn,2021,7,5572.8,617.9,562.5
Brooklyn,2021,4,4788.7,537.7,531.8
Queens,2020,7,5568.4,648.2,1045.9
Brooklyn,2020,6,6653.2,662.1,842.6
Brooklyn,2020,3,4845.4,526.4,609.2
Queens,2020,2,4030.4,346.9,719.6
Queens,2020,8,6938.3,540.5,1016.6
Bronx,2020,10,4119.7,296.4,446.5
Bronx,2021,6,4345.4,276.2,428.2
Bronx,2020,12,3935.6,315.2,458.2
Bronx,2021,1,3688.7,271.7,410.4
Staten,2020,7,6389.2,704.0,986.8
Staten,2020,10,6093.6,646.1,884.2
Staten,2021,4,5287.8,589.6,734.9
Bronx,2021,2,2034.4,267.2,344.3
Bronx,2021,3,2779.9,323.4,413.2
Bronx,2020,11,2911.9,293.7,402.2
Bronx,2021,5,2847.4,327.8,423.4
Queens,2020,10,7619.4,583.4,1016.4
Queens,2021,6,4460.3,684.6,684.9
Queens,2021,5,4072.9,593.0,631.0
Brooklyn,2020,3,4318.7,587.3,535.1
Brooklyn,2020,6,4932.7,598.7,627.6
Brooklyn,2021,3,4853.2,587.0,575.5
Brooklyn,2021,2,3847.7,484.2,456.6
Brooklyn,2020,2,3924.1,508.9,443.7
Brooklyn,2021,9,5034.9,547.6,524.5
Queens,2021,1,3794.8,445.9,625.0
Queens,2020,5,4571.6,436.0,679.9
Queens,2021,2,3189.2,345.9,493.1
Brooklyn,2020,9,5488.9,334.7,546.5
Brooklyn,2021,2,1827.9,491.2,390.2
Brooklyn,2020,3,1999.5,555.9,453.8
Brooklyn,2021,10,2370.3,563.4,406.2
Queens,2020,2,4172.5,315.1,435.8
Queens,2020,7,6005.3,487.1,712.3
Queens,2021,9,5449.2,421.9,530.5
Staten,2020,7,4921.8,602.7,789.1
Staten,2020,6,5191.9,613.6,830.1
Staten,2020,3,4014.9,545.9,534.3
Staten,2020,12,4435.9,733.9,653.6
Brooklyn,2021,4,4442.5,442.1,404.4
Brooklyn,2021,9,5138.5,475.5,436.8
Brooklyn,2021,9,2216.0,190.3,242.6
Queens,2020,11,3195.6,428.7,422.5
Queens,2020,5,4287.1,356.5,536.6
Queens,2020,2,3553.1,284.3,384.5
Brooklyn,2020,1,6084.9,693.1,454.2
Brooklyn,2021,3,6947.9,739.4,432.8
Queens,2020,1,3409.9,386.4,506.1
Queens,2021,6,4743.0,407.8,651.9
Queens,2020,7,3850.1,319.2,399.6
Queens,2020,3,2763.7,248.9,266.3
Queens,2021,2,2480.8,211.7,211.8
Queens,2021,7,3735.9,294.4,335.1
Queens,2021,3,3227.1,257.6,296.9
Brooklyn,2020,9,2752.9,556.9,455.2
Brooklyn,2020,8,2676.6,484.3,445.4
Brooklyn,2020,3,2372.5,514.1,440.0
Brooklyn,2021,10,2701.8,538.2,396.5
Brooklyn,2021,9,2674.5,593.0,416.9
Brooklyn,2021,11,629.1,119.5,93.8
Bronx,2020,2,2523.2,238.7,326.0
Bronx,2020,4,2906.4,278.0,420.6
Queens,2021,6,3598.2,495.9,493.5
Queens,2021,9,3656.3,521.0,483.8
Queens,2021,6,4328.0,474.0,437.1
Queens,2021,8,4110.8,439.1,396.7
Queens,2021,9,4241.4,487.3,430.6
Brooklyn,2021,1,3350.3,510.8,532.5
Brooklyn,2020,12,3688.1,617.9,578.3
Brooklyn,2020,3,3143.7,494.2,493.8
Brooklyn,2021,10,3766.7,447.9,411.1
Brooklyn,2020,2,3646.5,258.6,382.4
Queens,2020,1,2749.6,459.8,414.8
Bronx,2020,8,2639.6,351.9,419.7
Bronx,2021,2,2027.3,299.2,360.3
Bronx,2021,7,2536.2,338.1,375.3
Bronx,2021,3,2507.8,362.3,425.6
Bronx,2021,8,2411.5,324.0,388.5
Brooklyn,2021,3,2915.0,382.6,364.8
Brooklyn,2020,1,2583.3,306.6,303.5
Brooklyn,2021,10,2787.6,320.1,275.0
Bronx,2020,4,1923.2,105.3,139.6
Bronx,2021,2,1904.4,132.1,130.8
Bronx,2021,10,2328.5,143.1,137.1
Bronx,2021,11,505.4,34.8,36.4
Brooklyn,2021,1,2187.4,143.6,217.4
Brooklyn,2020,5,2325.3,142.4,220.4
Brooklyn,2021,4,2222.2,133.8,198.9
Brooklyn,2021,5,2390.8,118.9,193.5
Bronx,2020,5,1689.7,143.6,194.6
Bronx,2021,4,1501.1,156.9,193.0
Bronx,2020,12,1723.3,163.0,188.1
Bronx,2021,7,1766.4,157.9,189.9
Manhattan,2021,3,4539.3,1005.4,772.6
Manhattan,2020,6,3002.9,300.2,324.8
Manhattan,2021,4,2476.5,378.6,328.8
Manhattan,2020,1,1856.3,484.6,352.2
Manhattan,2020,12,1813.5,481.6,346.3
Manhattan,2021,8,1794.5,428.9,277.4
Manhattan,2020,4,2325.6,259.2,300.4
Manhattan,2020,9,2911.7,308.4,306.7
Manhattan,2021,10,2779.2,271.8,248.8
Manhattan,2021,8,2763.8,266.3,251.3
Bronx,2021,7,4313.3,339.1,403.5
Bronx,2020,10,4402.9,323.7,411.7
Bronx,2021,11,957.6,63.4,81.4
Brooklyn,2020,1,5299.1,714.1,545.0
Brooklyn,2020,9,6165.0,837.2,597.4
Brooklyn,2020,11,5682.1,691.0,518.5
Brooklyn,2021,7,5117.6,719.4,563.3
Brooklyn,2021,9,6071.4,805.5,557.8
Brooklyn,2020,6,4770.1,491.5,534.9
Brooklyn,2020,9,4779.5,528.6,512.8
Brooklyn,2020,8,4692.3,427.8,477.2
Brooklyn,2020,2,3452.5,330.8,325.7
Brooklyn,2021,11,1076.8,105.2,81.4
Manhattan,2021,10,4803.5,420.9,456.2
Manhattan,2021,2,1076.1,235.2,166.0
Manhattan,2020,11,1152.3,236.1,164.1
Manhattan,2021,9,1360.9,330.0,185.9
Manhattan,2021,11,347.4,61.5,42.9
Manhattan,2020,7,4280.1,963.4,746.5
Manhattan,2020,1,5085.0,1263.7,914.2
Manhattan,2020,6,4320.8,902.5,741.6
Manhattan,2020,3,4735.4,1128.5,824.2
Manhattan,2020,10,5017.6,1195.9,863.2
Manhattan,2020,11,4605.8,1013.6,729.1
Manhattan,2021,10,5081.2,1210.6,752.9
Bronx,2020,2,3081.1,178.2,293.7
Bronx,2020,4,3355.3,189.1,326.6
Bronx,2020,12,3740.1,311.9,398.7
Bronx,2020,11,3625.7,266.2,378.8
Bronx,2021,9,3496.4,286.2,371.7
Manhattan,2020,1,2788.6,619.2,487.0
Manhattan,2020,12,2245.3,280.0,280.0
Brooklyn,2021,7,3331.1,328.6,291.0
Brooklyn,2021,10,3346.6,325.9,270.6
Brooklyn,2021,8,3159.4,298.1,246.6
Manhattan,2020,1,2237.3,264.8,237.3
Manhattan,2020,9,2350.7,262.2,226.0
Manhattan,2020,4,1896.8,203.5,221.1
Bronx,2020,3,3584.9,282.7,456.5
Bronx,2021,1,3636.4,358.5,552.0
Bronx,2021,8,3817.6,349.2,559.7
Manhattan,2020,10,2418.5,563.0,453.2
Manhattan,2020,1,2303.8,541.2,460.7
Manhattan,2020,3,2278.7,461.3,394.3
Manhattan,2020,12,2305.2,536.6,424.1
Manhattan,2021,2,2041.3,453.7,342.0
Manhattan,2021,9,2487.0,614.3,386.4
Manhattan,2020,6,1207.8,286.0,224.9
Manhattan,2020,9,1329.3,356.9,224.4
Manhattan,2020,1,1347.5,444.1,283.0
Manhattan,2021,10,1469.5,397.1,249.9
Brooklyn,2020,7,3889.5,378.8,498.5
Brooklyn,2020,1,2947.4,297.0,403.6
Brooklyn,2021,6,3877.5,327.8,420.3
Bronx,2020,6,2354.0,240.5,276.5
Bronx,2021,7,2368.1,140.6,204.2
Bronx,2021,5,2138.0,147.6,191.9
Bronx,2020,3,1955.4,139.8,219.0
Bronx,2020,1,2176.8,172.6,236.4
Bronx,2020,2,1972.7,123.2,180.8
Bronx,2020,8,2568.2,200.5,256.9
Bronx,2021,7,2534.9,211.4,243.4
Bronx,2021,8,2541.9,168.3,218.4
Brooklyn,2020,9,3650.2,453.2,450.6
Brooklyn,2020,2,2787.0,357.8,353.9
Brooklyn,2020,12,3523.2,507.8,478.2
Staten,2020,10,6406.3,840.8,828.1
Staten,2020,1,5351.9,856.2,761.6
Staten,2020,11,6941.5,749.6,685.3
Staten,2021,6,6995.0,834.7,826.5
Staten,2021,9,6554.4,794.9,771.9
Brooklyn,2020,4,4554.4,559.8,584.7
Brooklyn,2020,10,5465.9,666.2,627.4
Brooklyn,2020,2,4367.3,519.8,483.9
Brooklyn,2021,5,5291.9,555.4,539.0
Brooklyn,2021,3,5462.8,585.2,584.2
Brooklyn,2021,11,1104.9,131.8,121.8
Queens,2020,1,4562.5,691.3,779.1
Brooklyn,2020,9,6346.2,607.0,737.0
Brooklyn,2020,12,5894.8,756.5,756.6
Brooklyn,2021,6,6866.0,623.3,717.2
Brooklyn,2021,11,1253.5,128.2,131.5
Queens,2020,3,4606.7,414.2,816.5
Queens,2020,4,4935.8,428.6,922.2
Queens,2021,4,5392.4,428.1,898.3
Queens,2021,10,5940.5,480.1,797.0
Queens,2021,8,6337.9,459.2,887.4
Bronx,2020,8,4411.1,300.9,497.7
Staten,2020,4,5302.3,627.0,867.2
Staten,2020,12,5801.1,787.2,831.0
Staten,2020,11,6384.4,605.5,693.0
Bronx,2020,2,2084.6,256.1,370.2
Bronx,2020,1,2348.2,339.8,427.6
Bronx,2021,6,3086.0,330.8,433.3
Bronx,2021,9,2722.5,352.0,432.4
Queens,2020,5,7951.0,540.6,1050.0
Queens,2020,2,5414.7,377.1,742.7
Queens,2020,9,7848.3,550.9,1039.3
Queens,2021,9,7702.0,548.5,932.1
Queens,2020,6,4641.7,724.4,830.2
Queens,2020,8,4637.2,670.6,734.5
Queens,2020,2,3473.8,540.3,576.3
Brooklyn,2020,5,4743.0,555.2,573.7
Brooklyn,2020,8,4835.8,541.1,555.2
Queens,2020,6,4845.7,530.7,779.0
Queens,2020,8,4861.2,449.0,749.1
Queens,2020,1,3634.3,463.6,552.2
Queens,2020,3,3613.2,423.5,556.6
Queens,2021,4,3918.2,388.7,571.5
Brooklyn,2020,8,5716.1,322.6,533.6
Brooklyn,2021,10,5252.7,263.9,423.6
Brooklyn,2021,7,2402.3,560.0,410.6
Brooklyn,2020,11,2383.8,549.9,440.8
Queens,2020,6,6035.7,452.7,672.7
Queens,2021,6,5655.1,406.2,534.8
Queens,2021,7,5570.9,431.3,550.2
Bronx,2021,2,3141.5,315.4,476.1
Bronx,2021,6,4864.9,434.9,678.8
Bronx,2021,11,980.2,80.5,123.2
Staten,2020,10,4691.7,577.1,666.6
Staten,2020,5,5189.0,571.5,702.7
Staten,2021,2,3169.7,444.6,458.2
Staten,2021,8,4717.7,494.7,589.4
Staten,2021,11,960.1,128.7,97.5
Queens,2020,6,7718.7,870.3,1027.2
Queens,2020,8,7807.7,816.3,905.8
Queens,2021,11,1532.4,178.2,172.1
Brooklyn,2020,4,4536.1,449.1,451.7
Brooklyn,2021,11,1052.8,127.9,104.4
Brooklyn,2020,6,2383.7,215.9,287.5
Brooklyn,2020,8,2415.9,182.5,248.0
Brooklyn,2021,2,1801.2,163.2,188.1
Brooklyn,2021,6,2417.8,214.3,260.4
Queens,2020,4,2702.2,393.0,482.4
Queens,2021,1,2931.6,460.6,467.9
Queens,2020,8,3560.9,439.2,456.5
Queens,2021,5,3162.5,425.6,397.7
Queens,2021,9,3436.5,508.0,425.1
Queens,2021,4,3813.3,336.5,613.2
Brooklyn,2020,2,5717.2,603.1,395.3
Brooklyn,2020,3,6505.4,698.4,477.3
Brooklyn,2021,9,7192.7,773.8,424.3
Queens,2020,8,4811.8,382.5,671.0
Queens,2021,1,3515.7,382.2,571.5
Queens,2021,4,3767.5,323.9,562.0
Queens,2021,1,2964.9,284.1,307.5
Queens,2020,10,3438.8,305.6,344.3
Queens,2021,4,3022.0,258.9,318.5
Queens,2021,11,698.0,50.1,50.9
Brooklyn,2020,6,2608.2,489.3,478.0
Brooklyn,2020,10,2745.0,566.2,464.3
Bronx,2020,7,3683.3,314.9,514.5
Bronx,2020,11,3441.7,265.8,385.6
Bronx,2021,2,2536.8,259.8,313.9
Bronx,2020,12,3268.6,359.4,452.1
Bronx,2020,5,3495.3,315.2,472.7
Queens,2020,4,2874.2,468.8,539.9
Queens,2020,8,3671.5,472.0,516.1
Queens,2020,2,2242.2,391.5,373.3
Queens,2020,12,3152.1,570.2,529.2
Queens,2021,5,3309.8,433.7,455.1
Queens,2021,8,3323.6,444.5,435.3
Queens,2020,6,4411.6,512.3,532.7
Queens,2020,1,3374.4,468.9,411.6
Queens,2020,8,4377.6,478.7,479.9
Queens,2021,3,3838.5,481.6,462.6
Brooklyn,2020,9,3693.2,528.5,522.8
Brooklyn,2021,5,3460.6,461.7,446.8
Brooklyn,2020,9,4968.1,353.6,545.3
Brooklyn,2021,5,4701.9,326.9,472.9
Queens,2020,3,2749.2,398.6,392.8
Bronx,2020,5,2477.3,341.8,420.7
Brooklyn,2020,12,2851.4,432.3,380.6
Brooklyn,2021,5,2670.2,311.7,298.9
Bronx,2020,9,2354.1,184.0,190.4
Bronx,2020,12,2275.7,177.0,181.3
Bronx,2020,11,2244.8,166.2,157.7
Bronx,2021,4,2026.2,141.5,137.0
Bronx,2021,5,2152.2,147.8,150.8
Bronx,2021,9,2412.1,148.5,153.0
Brooklyn,2020,4,1997.0,107.7,186.9
Bronx,2020,7,1810.6,168.9,218.6
Bronx,2020,1,1484.8,125.2,183.9
Bronx,2020,3,1480.0,94.9,142.8
Bronx,2020,11,1614.8,99.9,126.3
Manhattan,2020,3,4382.9,1067.6,804.7
Manhattan,2020,9,4562.1,1007.1,731.3
Manhattan,2020,4,3494.5,819.9,775.9
Manhattan,2020,5,3921.4,850.0,752.6
Manhattan,2021,1,4122.7,1046.4,816.0
Manhattan,2020,8,4379.0,890.3,729.1
Manhattan,2021,6,4783.4,1057.1,741.5
Manhattan,2021,11,1073.1,267.3,163.5
Manhattan,2021,5,2666.7,367.0,313.0
Manhattan,2020,6,1696.7,366.2,320.2
Manhattan,2021,1,1659.6,397.0,296.3
Manhattan,2021,4,1668.0,399.2,282.7
Manhattan,2021,7,1850.3,410.9,263.2
Manhattan,2021,10,2018.2,454.6,283.5
Manhattan,2020,3,2487.5,269.5,273.6
Manhattan,2021,2,2335.0,241.5,231.5
Manhattan,2021,6,2939.2,296.3,280.1
Manhattan,2021,9,2767.0,303.1,268.7
Bronx,2020,7,4772.9,369.4,457.8
Bronx,2020,6,4684.4,433.8,535.5
Bronx,2021,6,4422.1,342.5,420.5
Bronx,2021,10,4138.6,307.1,376.5
Brooklyn,2020,12,5989.1,925.8,661.6
Brooklyn,2021,6,5909.5,760.7,579.7
Brooklyn,2020,10,4542.0,486.7,473.9
Manhattan,2020,9,5283.8,545.6,588.1
Manhattan,2020,7,1275.6,248.5,183.8
Manhattan,2020,6,1147.4,231.0,181.8
Bronx,2020,6,4088.9,350.4,468.3
Bronx,2020,5,3886.9,278.9,402.6
Bronx,2020,9,3768.6,307.9,441.2
Bronx,2021,2,3109.6,229.4,309.4
Bronx,2021,3,3715.8,270.8,409.7
Bronx,2020,8,3915.2,304.2,441.9
Manhattan,2021,2,2328.0,484.4,395.4
Manhattan,2021,9,2857.0,655.6,400.4
Manhattan,2021,3,2230.2,244.4,262.4
Brooklyn,2020,1,2879.2,307.5,285.8
Brooklyn,2020,3,2795.8,264.9,236.5
Brooklyn,2020,8,3204.9,307.6,283.4
Brooklyn,2021,11,742.9,64.6,59.3
Manhattan,2020,8,2407.5,221.2,218.3
Manhattan,2021,3,2288.5,240.2,220.0
Manhattan,2021,11,610.5,50.5,42.8
Bronx,2020,10,3923.0,393.4,623.1
Bronx,2020,4,3550.1,281.2,499.9
Bronx,2020,8,4052.6,389.3,600.6
Bronx,2021,5,3661.0,348.6,523.1
Manhattan,2020,6,2298.1,409.7,381.8
Manhattan,2020,11,2242.7,409.9,350.3
Manhattan,2021,4,2031.4,526.0,425.2
Manhattan,2020,5,1089.3,284.8,245.0
Manhattan,2021,6,1386.3,380.4,229.6
Manhattan,2021,5,1294.2,393.6,247.8
Brooklyn,2020,3,2972.4,279.9,400.7
Brooklyn,2020,4,2908.5,282.3,443.4
Brooklyn,2021,3,3543.2,335.1,422.1
Brooklyn,2020,12,3379.6,353.5,449.7
Brooklyn,2021,10,3618.4,301.3,378.8
Bronx,2021,10,2217.7,126.3,155.4
Bronx,2020,4,2197.1,153.9,239.8
Bronx,2020,6,2728.9,243.8,292.8
Brooklyn,2020,4,2925.0,390.7,435.7
Brooklyn,2021,2,2903.6,350.4,354.6
Staten,2020,8,6861.7,747.8,830.3
Staten,2021,4,5782.0,757.7,758.5
Brooklyn,2020,1,4881.9,647.8,589.8
Brooklyn,2020,12,5344.1,707.0,635.2
Brooklyn,2021,9,5612.8,598.2,547.7
Queens,2020,2,4045.7,530.6,650.9
Queens,2020,6,5693.4,678.2,1089.5
Queens,2021,7,5448.0,658.5,764.0
Brooklyn,2020,2,4388.2,461.7,525.5
Brooklyn,2020,8,6639.9,588.2,776.9
Bronx,2020,9,4236.0,289.9,465.1
Bronx,2020,7,4461.4,322.7,496.6
Bronx,2021,2,3161.9,216.9,317.8
Bronx,2021,7,4327.0,293.8,456.7
Staten,2020,9,6081.8,612.6,892.7
Staten,2021,5,5983.9,596.2,786.4
Bronx,2020,8,3068.0,320.5,531.8
Bronx,2021,8,2851.3,299.5,377.4
Queens,2020,1,6084.4,483.9,875.9
Queens,2020,12,7175.7,648.6,1024.4
Queens,2020,8,8452.2,558.4,1085.0
Queens,2021,6,8557.8,568.9,1017.6
Queens,2020,11,7505.6,497.2,859.5
Brooklyn,2021,4,4343.1,515.8,487.5
Brooklyn,2021,8,4592.1,497.6,479.1
Brooklyn,2021,11,1076.6,58.1,98.4
Brooklyn,2021,1,2126.6,611.2,481.5
Brooklyn,2020,10,2368.5,642.0,493.0
Queens,2021,2,4059.9,350.7,451.2
Queens,2021,5,5124.7,367.1,503.7
Queens,2021,10,5482.3,380.0,504.2
Staten,2020,11,4976.6,530.5,530.5
Staten,2020,4,4378.4,560.4,657.5
Staten,2021,1,3950.4,574.7,605.6
Staten,2021,3,4538.7,557.1,620.0
Queens,2020,4,6075.1,782.4,861.1
Queens,2020,10,7239.3,862.8,895.0
Queens,2021,4,6315.3,723.0,751.1
Queens,2021,6,7782.1,836.2,841.6
Queens,2021,1,6141.7,833.0,830.5
Queens,2021,9,7748.2,897.2,879.0
Brooklyn,2020,11,5135.9,495.4,447.5
Brooklyn,2021,6,5453.9,528.0,464.7
Brooklyn,2020,2,1727.2,154.2,194.9
Brooklyn,2020,1,1931.7,194.2,251.9
Brooklyn,2020,4,1852.9,160.0,234.0
Queens,2021,7,3426.7,474.7,424.8
Queens,2021,1,3924.5,363.4,587.0
Queens,2021,5,4145.9,333.2,617.1
Brooklyn,2020,5,6182.3,760.3,450.2
Queens,2020,2,2999.8,297.5,435.2
Queens,2020,12,3923.3,466.4,643.7
Queens,2020,11,4307.4,357.2,563.3
Queens,2021,10,4260.7,355.6,501.4
Queens,2021,11,1121.7,85.4,114.7
Queens,2020,4,2843.8,248.7,313.4
Queens,2021,8,3648.4,257.7,270.8
Brooklyn,2021,2,2068.2,460.3,395.6
Brooklyn,2021,7,2766.5,525.2,417.1
Bronx,2021,6,3613.1,327.3,401.3
Bronx,2021,10,3418.8,299.2,357.1
Bronx,2021,8,3362.4,281.5,348.0
Bronx,2021,9,3600.8,332.0,383.5
Queens,2021,7,3471.4,491.2,472.1
Queens,2020,2,3018.5,386.2,358.3
Queens,2020,3,3454.1,422.7,417.6
Queens,2021,5,3923.6,415.7,413.7
Brooklyn,2020,6,3877.5,549.0,595.6
Brooklyn,2021,11,735.2,98.5,86.2
Brooklyn,2020,10,4840.6,372.6,508.4
Brooklyn,2020,3,3965.2,274.7,427.9
Brooklyn,2020,7,5472.3,404.8,605.0
Brooklyn,2021,4,4195.6,325.0,460.2
Brooklyn,2021,2,3516.5,254.5,380.0
Queens,2020,10,3015.4,455.6,436.2
Queens,2020,2,2440.6,364.4,333.4
Queens,2020,11,2981.1,388.3,382.1
Queens,2021,4,2586.2,389.1,397.2
Queens,2021,11,622.5,89.9,82.1
Bronx,2020,11,2578.3,339.3,382.4
Bronx,2021,9,2507.5,342.6,373.0
Bronx,2021,11,600.3,75.9,79.5
Brooklyn,2020,10,2897.2,363.2,335.0
Brooklyn,2020,2,2306.3,259.5,248.2
Bronx,2020,2,1793.6,101.9,122.4
Brooklyn,2021,11,511.6,24.2,36.6
Bronx,2020,6,1789.9,145.1,177.1
Manhattan,2020,7,4295.8,927.1,758.3
Manhattan,2020,4,2252.6,266.1,337.0
Manhattan,2021,1,2528.5,366.2,334.4
Manhattan,2021,9,2970.3,465.0,327.8
Manhattan,2020,9,1911.4,452.7,325.3
Manhattan,2020,10,2010.9,455.1,322.5
Manhattan,2020,8,2965.8,269.5,271.4
Manhattan,2020,5,2615.5,281.1,298.2
Manhattan,2021,5,2624.7,261.3,259.6
Bronx,2020,11,4266.4,299.1,394.9
Bronx,2021,3,4341.1,326.3,425.0
Brooklyn,2020,10,6226.8,879.7,645.7
Brooklyn,2020,4,4930.4,701.2,633.5
Brooklyn,2020,4,3798.2,398.5,449.9
Manhattan,2020,7,5527.1,591.1,648.2
Manhattan,2021,1,4615.6,496.9,569.3
Manhattan,2021,4,4298.4,483.6,522.4
Manhattan,2020,2,1194.2,257.8,171.0
Manhattan,2021,1,4386.0,1081.5,819.8
Manhattan,2021,7,4657.4,1096.0,715.9
Manhattan,2021,11,1313.1,259.9,173.0
Bronx,2021,1,3402.7,275.2,406.1
Bronx,2021,4,3208.4,235.1,341.0
Manhattan,2021,7,2819.8,663.6,437.2
Manhattan,2021,10,2875.5,592.6,415.4
Manhattan,2020,2,1979.6,247.7,266.3
Manhattan,2020,3,2133.6,242.2,264.4
Manhattan,2020,1,2116.1,286.4,306.2
Manhattan,2021,1,2083.8,314.7,316.4
Manhattan,2020,8,2460.9,280.4,308.9
Manhattan,2021,9,2278.1,326.2,269.1
Brooklyn,2020,9,3246.4,341.9,301.6
Brooklyn,2020,5,3016.8,320.3,303.3
Manhattan,2020,6,2354.0,236.4,217.2
Manhattan,2020,10,2310.5,221.9,196.3
Manhattan,2021,8,2337.2,208.4,179.3
Manhattan,2021,9,2408.8,254.8,191.2
Bronx,2020,6,4286.6,427.7,607.1
Bronx,2020,1,3568.5,308.9,512.6
Manhattan,2020,9,2400.6,471.3,383.2
Manhattan,2021,7,2445.7,610.4,408.6
Manhattan,2020,10,1341.7,434.7,289.9
Manhattan,2020,11,1207.1,325.3,224.3
Brooklyn,2021,1,3132.2,341.4,436.2
Bronx,2020,7,2392.1,208.8,278.8
Bronx,2020,4,1931.7,140.6,235.7
Bronx,2020,11,2187.7,160.8,208.6
Bronx,2020,2,1731.9,118.4,193.5
Bronx,2021,4,1997.2,141.3,172.8
Bronx,2020,10,2473.6,193.8,230.5
Bronx,2021,9,2529.8,218.9,242.9
Brooklyn,2021,1,3250.2,439.8,433.5
Staten,2020,5,7306.6,853.2,988.1
Staten,2021,1,5633.6,874.2,777.7
Staten,2021,7,6478.9,834.3,800.1
Queens,2021,8,5160.2,591.9,671.3
Brooklyn,2021,2,4257.7,426.6,542.2
Queens,2020,7,6957.2,552.2,1164.7
Queens,2020,12,5563.5,578.5,1027.6
Queens,2021,6,7021.3,509.0,1058.0
Bronx,2020,6,4423.5,326.0,497.1
Bronx,2020,2,3262.2,199.7,308.4
Bronx,2021,11,923.5,51.1,78.2
Staten,2020,1,4751.0,650.1,713.9
Bronx,2020,5,3101.6,357.9,567.3
Bronx,2020,7,3095.1,343.1,563.3
Bronx,2021,1,2509.6,363.3,454.7
Bronx,2021,11,605.2,72.9,81.6
Queens,2020,3,5999.5,417.8,829.1
Queens,2021,2,5060.5,406.2,723.7
Queens,2020,3,3937.1,638.0,700.2
Queens,2021,4,3738.7,573.2,593.2
Queens,2021,11,944.9,143.7,139.0
Queens,2020,2,3267.8,367.3,467.4
Queens,2020,12,4198.8,523.5,691.6
Queens,2020,10,4502.7,426.2,711.4
Queens,2020,11,4449.3,400.2,616.7
Queens,2021,11,921.9,107.3,122.0
Brooklyn,2020,11,5117.3,285.9,452.8
Brooklyn,2021,6,5684.1,341.4,528.6
Brooklyn,2021,3,2374.0,580.7,456.0
Brooklyn,2021,8,2252.2,500.5,370.7
Queens,2020,9,5584.6,433.2,625.9
Queens,2020,10,5410.9,446.4,631.2
Queens,2021,3,5383.3,397.6,553.0
Queens,2021,11,1166.4,85.7,110.9
Bronx,2020,1,3496.6,389.0,618.1
Bronx,2020,8,4787.3,433.3,713.8
Bronx,2021,3,4260.8,404.7,638.8
Bronx,2020,4,3577.3,357.6,616.3
Bronx,2021,9,4769.7,408.3,653.1
Staten,2020,2,3418.3,459.3,428.3
Staten,2021,6,5203.1,573.6,697.7
Staten,2021,5,4751.9,511.2,644.9
Queens,2020,5,7243.8,811.1,936.3
Queens,2021,5,7012.6,752.7,783.9
Queens,2021,8,7312.9,753.5,771.5
Queens,2021,10,7536.4,806.3,789.8
Brooklyn,2020,10,5203.5,533.9,505.8
Brooklyn,2020,6,5303.7,559.8,543.8
Brooklyn,2020,7,5241.4,492.8,497.1
Brooklyn,2021,3,5054.1,518.9,479.7
Brooklyn,2021,8,4938.3,485.8,414.5
Brooklyn,2021,5,2147.4,179.1,231.5
Brooklyn,2020,10,2302.1,205.8,255.6
Queens,2020,2,2625.6,370.6,361.8
Queens,2020,7,3550.5,487.1,495.0
Queens,2020,3,2931.5,435.3,445.1
Queens,2021,4,2877.0,404.7,388.6
Queens,2020,12,3207.7,563.5,519.1
Queens,2021,11,718.7,105.4,95.9
Queens,2020,4,3709.4,303.8,473.1
Queens,2020,8,4636.3,376.4,577.7
Queens,2021,3,4330.1,364.1,579.1
Brooklyn,2020,6,6530.9,792.0,442.9
Brooklyn,2020,10,7031.3,783.2,446.2
Brooklyn,2021,10,7284.1,682.5,398.8
Brooklyn,2021,8,5864.3,679.9,338.6
Queens,2020,4,3617.3,346.3,586.7
Queens,2020,5,4517.3,378.6,675.9
Queens,2020,9,4531.6,392.5,611.9
Queens,2021,3,3975.8,384.4,610.8
Queens,2021,9,4387.6,372.6,546.0
Queens,2020,1,2703.6,267.0,279.4
Bronx,2020,10,3477.6,304.2,449.8
Queens,2020,9,3511.2,495.6,520.5
Queens,2020,11,3628.3,445.6,443.3
Queens,2020,11,4010.8,430.4,405.3
Queens,2021,10,4143.6,446.8,393.4
Brooklyn,2020,4,3079.0,480.5,534.7
Brooklyn,2021,6,3908.0,533.0,496.6
Brooklyn,2021,3,3611.7,499.6,507.3
Brooklyn,2021,8,3557.0,466.2,445.0
Brooklyn,2020,11,4805.0,336.9,462.6
Brooklyn,2021,1,4231.1,356.9,502.5
Brooklyn,2021,7,5466.5,368.8,527.7
Queens,2020,9,3133.3,436.8,419.6
Queens,2021,9,3068.1,436.7,400.3
Bronx,2021,5,2389.5,313.9,379.5
Brooklyn,2020,5,2710.3,281.2,305.7
Brooklyn,2020,6,2995.0,379.8,391.6
Brooklyn,2020,7,3096.7,352.7,367.8
Bronx,2021,1,2092.5,164.5,172.2
Bronx,2021,6,2415.0,172.2,176.4
Bronx,2020,10,2307.4,167.6,170.0
Bronx,2021,3,2324.2,176.0,183.1
Brooklyn,2021,7,2791.0,129.4,210.9
Brooklyn,2021,9,2418.5,139.9,197.8
Bronx,2020,8,1767.8,128.0,168.6
Bronx,2021,3,1710.1,123.9,146.9
Manhattan,2020,10,4625.0,1123.8,825.4
Manhattan,2020,1,4683.6,1140.8,859.9
Manhattan,2021,7,4385.4,1064.6,730.4
Manhattan,2020,3,2699.6,305.2,313.6
Manhattan,2020,9,3016.1,392.8,339.8
Manhattan,2020,5,1459.8,297.4,278.8
Manhattan,2021,3,1918.7,479.4,345.6
Manhattan,2021,11,572.6,122.1,76.5
Manhattan,2020,10,2833.9,301.2,293.6
Manhattan,2020,11,2730.2,254.6,238.6
Manhattan,2021,3,2807.6,296.1,285.3
Bronx,2020,4,3837.1,218.4,383.4
Bronx,2020,5,4410.5,321.1,446.0
Bronx,2020,12,4395.5,339.7,405.9
Bronx,2021,5,3946.4,303.5,385.0
Bronx,2021,9,4130.5,319.3,376.9
Brooklyn,2021,8,5442.7,693.2,497.3
Brooklyn,2020,5,4326.4,426.3,465.2
Brooklyn,2021,5,4367.0,443.1,420.7
Brooklyn,2021,10,4536.1,487.6,373.1
Brooklyn,2021,9,4543.0,525.1,440.4
Manhattan,2020,6,5361.5,533.9,585.8
Manhattan,2020,5,4845.6,499.2,582.9
Manhattan,2020,8,5377.0,490.3,556.5
Manhattan,2021,3,5074.6,504.5,553.9
Manhattan,2021,2,4200.4,425.7,471.0
Manhattan,2020,3,1222.5,287.5,194.8
Manhattan,2021,5,1219.4,267.9,172.6
Manhattan,2021,4,4176.3,1050.6,733.7
Manhattan,2021,8,4471.3,962.2,624.7
Bronx,2021,5,3501.7,262.8,386.0
Bronx,2021,11,793.8,51.6,72.9
Manhattan,2020,5,2171.0,282.3,326.1
Manhattan,2020,11,2168.6,240.3,245.4
Manhattan,2021,2,1875.7,227.8,242.3
Manhattan,2020,4,1878.8,221.2,292.4
Manhattan,2021,7,2300.2,298.8,304.0
Brooklyn,2020,4,2777.8,284.9,276.5
Brooklyn,2020,6,3240.9,315.8,292.2
Brooklyn,2020,7,3274.8,360.1,325.4
Brooklyn,2020,2,2630.2,250.3,221.8
Brooklyn,2021,3,3211.2,308.9,278.2
Brooklyn,2021,4,2758.3,316.9,275.5
Manhattan,2020,3,2157.0,204.8,195.6
Bronx,2020,5,4027.1,342.8,527.2
Bronx,2021,3,3978.8,375.5,593.2
Bronx,2021,4,3383.1,346.8,525.7
Bronx,2020,11,3863.3,328.0,504.2
Bronx,2021,11,856.5,71.1,102.3
Manhattan,2020,5,2061.0,420.9,438.2
Manhattan,2020,8,2382.1,430.0,391.8
Manhattan,2021,6,2492.7,514.2,367.9
Manhattan,2021,3,1297.1,363.6,240.1
Manhattan,2021,2,1121.1,322.5,229.1
Brooklyn,2020,9,3728.1,356.8,457.1
Brooklyn,2020,11,3424.2,325.1,412.1
Bronx,2020,10,2207.6,162.1,222.2
Bronx,2021,2,1890.8,141.7,177.6
Bronx,2021,1,2075.5,148.7,200.4
Bronx,2021,6,2405.5,190.4,244.3
Bronx,2021,9,2330.4,166.0,224.3
Bronx,2021,11,535.9,30.1,37.4
Bronx,2020,7,2698.3,243.6,280.7
Bronx,2020,12,2479.2,240.7,270.5
Bronx,2020,5,2532.2,189.9,250.6
Bronx,2021,11,593.1,38.1,47.4
Brooklyn,2020,7,3886.4,456.8,490.4
Brooklyn,2020,11,3469.4,418.1,403.5
Staten,2020,3,5463.3,743.4,707.2
Staten,2020,12,6378.5,1053.5,863.3
Staten,2020,9,6615.1,788.9,818.6
Staten,2021,10,6314.1,639.2,600.6
Staten,2021,11,1340.8,158.7,149.3
Brooklyn,2020,9,5520.2,639.9,617.5
Brooklyn,2020,11,5301.1,568.4,547.4
Brooklyn,2021,1,4938.4,608.5,598.6
Brooklyn,2021,8,5422.6,562.6,528.4
Queens,2021,1,4760.2,688.6,872.8
Queens,2020,11,5513.0,605.1,736.4
Brooklyn,2020,10,6102.5,635.0,732.8
Brooklyn,2020,5,6168.7,599.6,767.5
Brooklyn,2020,11,6116.7,562.4,609.5
Brooklyn,2021,10,6219.2,521.1,600.5
Brooklyn,2021,8,6259.8,534.4,660.4
Queens,2020,1,4520.2,448.6,857.4
Queens,2021,1,4776.5,485.3,901.8
Queens,2020,11,6203.2,466.8,834.6
Queens,2021,7,6745.2,519.9,1039.2
Queens,2021,5,6376.9,444.7,965.7
Queens,2021,11,1276.4,106.7,172.2
Bronx,2020,5,4199.8,274.4,442.9
Bronx,2020,4,3568.1,214.5,376.6
Bronx,2020,11,3985.2,243.5,374.0
Bronx,2021,4,3611.9,265.6,402.9
Bronx,2021,10,4140.3,250.5,381.0
Bronx,2021,8,4071.9,238.4,388.1
Staten,2020,3,4932.1,584.8,688.3
Staten,2021,6,6633.9,683.7,876.2
Bronx,2020,6,3135.3,341.9,580.2
Bronx,2021,7,3022.3,357.5,458.6
Queens,2021,1,6191.4,542.5,949.0
Queens,2020,10,4278.6,689.5,708.0
Queens,2020,12,4219.3,775.6,753.8
Queens,2021,5,4335.1,419.5,605.8
Queens,2021,6,4777.7,486.3,648.8
Queens,2021,10,4325.8,427.2,523.7
Brooklyn,2020,7,5906.2,391.1,614.3
Brooklyn,2020,12,5128.4,392.8,531.6
Brooklyn,2020,6,5753.7,376.3,590.9
Brooklyn,2020,5,5159.9,293.5,493.1
Brooklyn,2021,4,4613.8,285.8,452.7
Brooklyn,2021,8,5357.7,290.3,491.0
Brooklyn,2020,5,2144.7,505.6,473.5
Brooklyn,2020,8,2269.6,503.5,428.5
Brooklyn,2020,12,2336.9,687.6,511.7
Brooklyn,2020,9,2367.9,585.7,448.8
Brooklyn,2021,6,2506.7,581.2,437.1
Brooklyn,2021,5,2242.9,538.1,426.6
Queens,2020,3,4577.8,324.9,483.8
Queens,2021,1,4691.4,448.8,571.3
Queens,2021,4,4767.1,384.0,511.6
Queens,2020,12,5214.1,504.2,637.7
Bronx,2021,10,4408.9,369.3,603.0
Staten,2021,9,5003.4,521.8,634.5
Queens,2020,9,7466.3,809.0,876.2
Queens,2021,7,7617.5,881.8,863.0
Brooklyn,2020,5,4849.4,473.9,465.7
Brooklyn,2020,1,4583.6,488.9,410.3
Brooklyn,2021,5,4887.6,470.0,443.8
Brooklyn,2021,4,1955.9,187.4,233.9
Brooklyn,2021,3,2253.4,204.7,260.2
Brooklyn,2020,11,2136.5,186.6,222.9
Brooklyn,2021,8,2293.4,187.2,238.8
Queens,2020,10,3341.8,468.4,452.9
Queens,2020,6,3485.3,478.1,500.0
Queens,2020,5,3165.6,425.1,486.5
Queens,2021,3,3272.5,461.2,458.9
Queens,2021,6,3505.5,493.1,439.8
Queens,2021,8,3287.7,460.2,400.5
Queens,2020,9,4453.7,377.3,592.7
Queens,2020,12,4227.9,456.7,697.9
Queens,2020,7,4762.7,440.3,605.2
Queens,2021,2,3505.7,317.2,400.6
Queens,2021,9,4396.1,398.9,640.2
Brooklyn,2020,7,5702.8,670.7,412.2
Brooklyn,2021,11,1550.8,162.8,81.2
Queens,2021,2,2844.9,295.0,437.7
Queens,2020,3,3461.1,351.0,515.8
Queens,2020,10,4411.8,405.1,603.2
Queens,2021,8,4363.8,365.4,548.4
Queens,2020,6,3903.7,307.8,382.9
Queens,2020,9,3713.5,278.8,341.9
Queens,2020,11,3268.5,250.5,279.1
Queens,2021,6,3850.4,273.9,307.6
Queens,2021,5,3419.0,254.8,300.2
Brooklyn,2021,1,2419.6,562.5,471.8
Brooklyn,2020,5,2401.4,448.0,463.7
Brooklyn,2021,6,2851.5,569.1,453.1
Brooklyn,2021,5,2587.2,518.5,427.9
Bronx,2021,7,3623.2,341.1,393.0
Bronx,2021,11,757.3,72.5,83.8
Queens,2020,7,3519.5,491.3,544.0
Queens,2020,12,3871.2,549.1,474.1
Brooklyn,2020,12,4839.4,430.8,560.2
Brooklyn,2021,8,5071.0,334.6,496.4
Queens,2020,6,3183.6,445.1,449.1
Queens,2021,2,2340.3,361.7,355.2
Queens,2021,7,3048.8,443.6,417.1
Bronx,2020,10,2557.6,370.7,411.1
Bronx,2021,4,2176.4,288.9,338.7
Bronx,2020,4,2177.5,326.8,419.6
Brooklyn,2021,1,2603.9,342.2,327.2
Brooklyn,2021,2,2298.2,283.0,267.9
Brooklyn,2021,9,2777.7,351.1,315.0
Bronx,2020,3,1971.0,130.1,160.7
Bronx,2020,1,1973.9,118.8,142.0
Brooklyn,2020,10,2461.2,131.5,234.5
Brooklyn,2020,7,2769.8,162.4,246.7
Brooklyn,2021,2,2164.0,88.5,161.8
Bronx,2021,2,1402.9,109.4,133.0
Bronx,2021,10,1646.9,111.5,166.5
Bronx,2021,11,397.6,24.8,31.0
Manhattan,2020,6,4286.0,913.8,774.1
Manhattan,2021,5,4305.1,1018.5,742.9
Manhattan,2020,2,2707.7,308.8,301.4
Manhattan,2020,11,2718.3,318.1,289.2
Manhattan,2021,2,2458.4,324.6,294.9
Manhattan,2020,7,1765.4,363.4,301.4
Manhattan,2020,6,2885.8,306.7,302.7
Manhattan,2020,2,2316.6,229.9,245.6
Manhattan,2021,1,2612.8,293.9,289.6
Manhattan,2021,7,2873.9,289.2,271.3
Bronx,2021,1,3989.2,310.7,404.8
Bronx,2020,8,4577.6,336.1,461.9
Bronx,2021,8,4178.1,326.0,405.2
Brooklyn,2020,3,5676.2,680.3,543.8
Brooklyn,2021,3,6118.5,793.8,569.7
Brooklyn,2021,11,1520.0,161.3,117.8
Brooklyn,2020,7,4746.2,492.5,525.9
Brooklyn,2021,4,4049.7,422.9,390.2
Brooklyn,2021,2,3596.3,382.1,345.2
Brooklyn,2021,8,4550.8,493.1,430.6
Manhattan,2020,2,4166.3,398.2,468.2
Manhattan,2020,4,4258.4,440.4,590.3
Manhattan,2021,7,5116.1,505.5,539.4
Manhattan,2021,6,5257.8,511.8,547.1
Manhattan,2020,8,1256.4,227.3,163.6
Manhattan,2021,3,1243.0,288.3,198.3
Manhattan,2020,9,4808.4,1075.1,751.7
Bronx,2021,6,3809.7,299.0,417.0
Bronx,2021,8,3588.5,258.2,399.3
Manhattan,2020,2,2628.2,526.2,408.4
Manhattan,2020,12,2646.9,632.2,473.5
Manhattan,2020,8,2707.7,444.7,390.6
Manhattan,2021,11,773.9,138.0,92.1
Manhattan,2021,8,2215.8,247.9,237.1
Manhattan,2021,10,2277.2,296.3,274.4
Manhattan,2021,11,515.8,57.5,55.0
Brooklyn,2020,12,3272.2,355.9,316.9
Manhattan,2020,2,2063.2,192.2,181.5
Manhattan,2021,4,2046.1,199.5,182.0
Manhattan,2021,5,2217.2,214.3,194.3
Bronx,2020,7,4304.2,435.2,626.2
Bronx,2020,12,3950.0,427.3,589.9
Bronx,2021,6,4055.1,386.8,597.4
Manhattan,2020,2,2153.0,472.3,382.8
Manhattan,2020,4,1845.2,402.7,427.6
Manhattan,2021,1,2129.4,524.5,433.7
Manhattan,2021,11,657.6,108.8,88.8
Manhattan,2020,2,1285.2,385.4,252.1
Manhattan,2021,7,1317.3,424.5,259.5
Brooklyn,2020,2,2665.1,236.5,349.0
Bronx,2020,5,2190.1,176.9,247.9
Bronx,2020,1,1927.2,165.4,236.9
Bronx,2020,9,2252.3,247.9,315.0
Bronx,2020,3,2216.1,156.9,220.7
Bronx,2020,11,2438.6,170.8,208.8
Bronx,2021,3,2530.2,267.4,271.7
Brooklyn,2021,6,3846.8,464.2,435.1
Brooklyn,2021,3,3534.9,442.0,439.1
Brooklyn,2021,10,3560.2,389.8,371.0
Brooklyn,2021,9,3647.7,441.7,402.3
Staten,2021,2,4382.1,618.5,592.7
Brooklyn,2020,6,5760.6,655.5,733.3
Brooklyn,2021,6,5902.7,618.8,570.0
Queens,2020,4,4698.1,586.6,940.5
Queens,2021,4,4726.6,581.9,735.6
Queens,2021,2,3871.6,517.1,658.6
Queens,2021,3,5193.9,645.4,801.2
Queens,2021,6,5657.0,655.0,785.6
Queens,2021,10,5478.9,623.7,704.1
Queens,2021,9,5677.5,709.7,765.4
Brooklyn,2020,4,5367.7,549.5,690.3
Brooklyn,2021,1,5213.7,612.6,677.7
Brooklyn,2021,5,6067.6,550.4,660.9
Brooklyn,2021,4,5397.3,540.3,632.1
Brooklyn,2021,3,5901.4,585.5,666.2
Brooklyn,2021,9,6335.7,564.2,692.2
Queens,2020,10,6140.8,550.9,950.2
Queens,2020,6,7129.4,530.1,1228.2
Queens,2021,2,3787.1,352.0,693.3
Queens,2021,9,6288.5,479.2,908.6
Bronx,2020,3,3569.3,216.1,337.3
Bronx,2021,9,4180.5,286.3,423.2
Bronx,2021,3,4039.9,268.5,413.4
Staten,2020,6,6633.5,709.1,1124.1
Staten,2020,8,6392.4,595.3,908.6
Staten,2021,1,5112.4,689.8,747.6
Staten,2021,7,6406.8,684.7,814.2
Staten,2021,9,6347.5,639.6,772.6
Bronx,2020,10,2959.5,349.8,489.3
Bronx,2020,4,2542.8,284.4,485.0
Queens,2020,6,8585.7,604.0,1246.4
Queens,2021,10,7345.5,486.4,842.2
Queens,2021,8,8054.7,526.8,911.3
Queens,2020,5,4382.4,609.6,766.9
Queens,2021,9,4581.2,683.4,641.0
Brooklyn,2020,10,5126.4,626.8,578.7
Brooklyn,2020,4,4468.6,543.4,589.2
Brooklyn,2020,1,4310.6,606.8,519.6
Brooklyn,2020,9,5053.9,587.0,554.5
Brooklyn,2021,11,1008.4,106.2,96.5
Queens,2020,4,3676.6,391.8,621.0
Queens,2021,3,4345.3,450.3,638.9
Brooklyn,2020,4,4405.4,253.4,463.6
Brooklyn,2021,1,4538.8,301.3,468.4
Brooklyn,2020,10,5295.8,301.4,503.6
Brooklyn,2020,3,4355.6,240.4,407.4
Brooklyn,2021,9,5300.9,310.8,499.5
Brooklyn,2020,7,2322.7,547.8,470.5
Brooklyn,2020,2,1812.0,491.7,390.4
Brooklyn,2021,4,2061.5,534.9,430.1
Brooklyn,2021,9,2446.6,601.6,410.1
Queens,2020,5,5416.8,398.3,607.4
Queens,2020,11,5239.0,373.5,542.2
Bronx,2020,7,4959.5,500.1,765.4
Bronx,2020,5,4506.3,417.0,702.3
Bronx,2021,7,4864.0,428.1,681.4
Bronx,2021,5,4260.3,371.4,610.2
Staten,2021,10,4855.9,466.4,491.0
Queens,2020,2,5371.4,694.6,661.4
Queens,2020,7,7653.0,890.4,946.8
Queens,2021,3,6926.8,798.0,810.3
Queens,2020,3,6163.7,788.0,785.1
Brooklyn,2020,3,4669.4,511.0,442.1
Brooklyn,2020,12,5176.3,562.8,480.0
Brooklyn,2020,7,2463.8,223.3,289.7
Brooklyn,2020,5,2157.3,191.6,267.3
Brooklyn,2021,10,2234.8,191.1,240.5
Brooklyn,2021,11,495.6,43.1,45.0
Brooklyn,2020,4,6179.6,723.8,508.4
Brooklyn,2020,9,6959.8,832.1,403.1
Brooklyn,2021,4,6116.1,699.6,399.8
Brooklyn,2020,12,6782.2,875.5,450.3
Brooklyn,2021,6,6877.2,684.4,390.7
Queens,2021,5,4294.1,357.3,585.0
Queens,2021,10,3326.5,241.7,255.6
Brooklyn,2020,12,2573.2,625.8,487.5
Brooklyn,2021,3,2653.0,545.2,455.2
Brooklyn,2021,8,2578.5,503.8,383.1
Bronx,2021,1,2954.0,328.3,398.6
Bronx,2021,3,3306.4,325.1,380.6
Queens,2020,5,3554.5,465.8,542.8
Queens,2020,10,4121.9,503.7,478.2
Queens,2020,7,4309.3,512.0,516.9
Queens,2020,5,4044.8,449.2,481.7
Queens,2021,4,3494.8,413.9,404.2
Queens,2021,7,4245.6,494.1,447.1
Queens,2021,11,910.6,102.1,90.8
Brooklyn,2020,1,3221.2,528.5,502.9
Brooklyn,2020,10,3702.3,543.0,529.8
Brooklyn,2021,4,3209.0,447.1,428.3
Brooklyn,2020,4,4078.9,284.3,459.0
Brooklyn,2020,5,4791.8,334.5,519.0
Brooklyn,2020,1,4047.7,318.6,472.3
Brooklyn,2020,8,5342.7,361.1,554.3
Brooklyn,2021,6,5453.4,364.9,524.9
Brooklyn,2021,11,1036.3,70.9,98.7
Queens,2021,3,2973.7,421.0,432.6
Queens,2021,6,3187.8,433.9,411.0
Queens,2021,5,2858.5,385.7,384.6
Bronx,2020,9,2610.6,384.0,440.9
Bronx,2020,2,1999.5,286.4,329.9
Bronx,2020,12,2536.3,426.9,473.1
Bronx,2020,1,2250.0,346.8,406.0
Bronx,2021,6,2682.3,371.8,421.5
Bronx,2021,10,2502.3,319.4,357.6
Brooklyn,2020,8,3045.1,332.7,353.8
Brooklyn,2021,7,3023.0,334.4,306.6
Brooklyn,2020,11,2839.1,346.6,329.2
Bronx,2021,7,2354.7,146.2,151.2
Brooklyn,2020,9,2575.8,125.0,217.5
Brooklyn,2020,8,2681.0,131.4,209.8
Manhattan,2021,2,3772.9,886.2,715.9
Manhattan,2021,8,4150.5,950.3,650.3
Manhattan,2021,11,767.2,83.8,73.0
Manhattan,2020,3,1722.4,455.9,339.9
Manhattan,2020,8,1816.1,349.4,293.8
Manhattan,2021,6,2010.7,505.2,332.3
Manhattan,2020,11,1920.0,420.0,309.0
Manhattan,2020,1,2608.2,315.7,317.2
Manhattan,2021,11,629.3,58.0,55.3
Bronx,2020,9,4395.7,337.2,435.2
Bronx,2020,3,3893.3,264.4,404.7
Bronx,2021,4,3700.3,269.6,338.1
Brooklyn,2020,5,5289.9,744.4,587.0
Brooklyn,2020,6,5831.8,730.3,612.6
Brooklyn,2021,2,5146.5,677.6,484.1
Brooklyn,2021,1,5452.2,827.4,565.6
Brooklyn,2021,4,5344.1,794.9,551.5
Brooklyn,2021,5,5807.5,775.4,539.0
Brooklyn,2020,11,4488.1,438.0,435.7
Brooklyn,2021,3,4691.7,490.6,481.8
Brooklyn,2020,1,3885.9,425.4,415.9
Brooklyn,2021,7,4510.9,460.0,440.3
Manhattan,2020,1,4654.9,506.7,612.3
Manhattan,2020,10,5136.1,546.0,577.3
Manhattan,2020,12,5082.2,639.3,659.9
Manhattan,2021,9,4888.0,522.4,540.1
Manhattan,2020,9,1269.8,300.8,201.5
Manhattan,2020,5,1017.3,212.6,169.1
Manhattan,2020,12,1189.7,296.3,202.2
Manhattan,2021,10,1383.8,288.0,168.1
Manhattan,2021,4,1097.1,263.6,168.5
Manhattan,2020,2,4690.8,1084.8,812.3
Manhattan,2021,2,4054.5,948.6,725.7
Manhattan,2020,5,3986.3,908.5,797.3
Manhattan,2021,5,4717.8,1088.8,761.3
Bronx,2020,10,3773.0,288.3,412.8
Bronx,2020,1,3304.4,202.3,332.1
Bronx,2021,10,3608.2,254.1,370.4
Manhattan,2020,4,2068.8,435.9,435.3
Manhattan,2020,3,2708.7,524.0,414.5
Manhattan,2021,5,2654.3,536.7,399.7
Manhattan,2020,7,2477.5,302.9,343.4
Manhattan,2020,9,2340.7,299.7,285.1
Manhattan,2021,4,1930.8,274.1,291.4
Manhattan,2021,5,2110.0,263.3,275.2
Brooklyn,2020,10,3272.6,362.4,316.8
Brooklyn,2021,1,2971.3,342.4,322.8
Brooklyn,2020,11,3132.5,299.3,252.8
Brooklyn,2021,9,3252.6,331.9,283.4
Manhattan,2021,6,2485.1,258.9,209.1
Bronx,2020,2,3240.4,250.2,420.8
Bronx,2020,9,3946.7,412.8,618.8
Bronx,2021,7,3946.8,371.4,575.5
Bronx,2021,9,3770.5,351.3,559.4
Manhattan,2021,8,2360.5,476.6,333.8
Manhattan,2020,8,1209.4,300.9,219.1
Manhattan,2021,1,1175.8,385.3,267.6
Manhattan,2021,8,1254.9,352.8,208.5
Manhattan,2021,9,1371.9,461.2,240.3
Brooklyn,2020,10,3562.6,371.2,460.0
Brooklyn,2020,5,3419.2,323.4,473.4
Bronx,2020,8,2326.3,166.0,246.3
Bronx,2021,3,2298.9,193.1,239.3
Bronx,2021,6,2651.9,261.6,300.0
