Borough,Revenue Month,total cost,year,month
Queens,2020-01-01,196.35,2020,1
Queens,2020-02-01,258.35,2020,2
Queens,2020-03-01,217.02,2020,3
Queens,2020-04-01,103.34,2020,4
Brooklyn,2020-01-01,72.34,2020,1
Brooklyn,2020-02-01,82.67,2020,2
Brooklyn,2020-03-01,62.0,2020,3
Brooklyn,2020-04-01,39.34,2020,4
Brooklyn,2020-01-01,3968.29,2020,1
Brooklyn,2020-01-01,1932.48,2020,1
Brooklyn,2020-01-01,4309.32,2020,1
Brooklyn,2020-01-01,2769.54,2020,1
Brooklyn,2020-01-01,5301.39,2020,1
Brooklyn,2020-01-01,2180.5,2020,1
Brooklyn,2020-01-01,6613.82,2020,1
Brooklyn,2020-01-01,3689.27,2020,1
Bronx,2020-01-01,38.07,2020,1
Bronx,2020-01-01,237.68,2020,1
Bronx,2020-03-01,39.34,2020,3
Bronx,2020-03-01,248.02,2020,3
Bronx,2020-03-01,36.8,2020,3
Bronx,2020-03-01,227.35,2020,3
Bronx,2020-01-01,382.36,2020,1
Bronx,2020-02-01,382.36,2020,2
Bronx,2020-03-01,485.7,2020,3
Bronx,2020-04-01,2552.52,2020,4
Bronx,2020-01-01,620.05,2020,1
Bronx,2020-02-01,36.8,2020,2
Bronx,2020-03-01,35.53,2020,3
Bronx,2020-04-01,39.34,2020,4
Queens,2020-01-01,20575.19,2020,1
Queens,2020-02-01,17940.0,2020,2
Queens,2020-03-01,16627.57,2020,3
Queens,2020-04-01,17950.33,2020,4
Brooklyn,2020-01-01,1715.46,2020,1
Brooklyn,2020-02-01,1457.11,2020,2
Brooklyn,2020-03-01,1529.45,2020,3
Brooklyn,2020-04-01,1643.12,2020,4
Bronx,2020-01-01,3337.91,2020,1
Bronx,2020-01-01,3472.26,2020,1
Bronx,2020-01-01,7192.53,2020,1
Bronx,2020-02-01,6024.78,2020,2
Bronx,2020-02-01,3172.57,2020,2
Bronx,2020-02-01,3275.91,2020,2
Bronx,2020-03-01,5900.77,2020,3
Bronx,2020-03-01,2841.88,2020,3
Bronx,2020-03-01,3658.27,2020,3
Bronx,2020-04-01,6624.16,2020,4
Bronx,2020-04-01,3906.29,2020,4
Bronx,2020-04-01,4371.32,2020,4
Bronx,2020-01-01,3255.24,2020,1
Bronx,2020-02-01,3058.89,2020,2
Bronx,2020-03-01,3265.58,2020,3
Bronx,2020-04-01,3265.58,2020,4
Bronx,2020-01-01,8928.66,2020,1
Bronx,2020-02-01,6376.14,2020,2
Bronx,2020-03-01,6221.13,2020,3
Bronx,2020-04-01,7192.53,2020,4
Bronx,2020-01-01,2955.55,2020,1
Bronx,2020-02-01,2180.5,2020,2
Bronx,2020-03-01,2211.5,2020,3
Bronx,2020-04-01,2490.52,2020,4
Brooklyn,2020-01-01,206.68,2020,1
Brooklyn,2020-02-01,196.35,2020,2
Brooklyn,2020-03-01,186.01,2020,3
Brooklyn,2020-04-01,196.35,2020,4
Brooklyn,2020-01-01,227.35,2020,1
Brooklyn,2020-02-01,237.68,2020,2
Brooklyn,2020-03-01,217.02,2020,3
Brooklyn,2020-04-01,227.35,2020,4
Brooklyn,2020-01-01,372.03,2020,1
Brooklyn,2020-02-01,237.68,2020,2
Brooklyn,2020-03-01,206.68,2020,3
Brooklyn,2020-04-01,196.35,2020,4
Brooklyn,2020-01-01,516.71,2020,1
Brooklyn,2020-02-01,361.69,2020,2
Brooklyn,2020-03-01,320.36,2020,3
Brooklyn,2020-04-01,299.69,2020,4
Brooklyn,2020-01-01,1942.81,2020,1
Brooklyn,2020-02-01,744.06,2020,2
Brooklyn,2020-03-01,268.69,2020,3
Brooklyn,2020-04-01,227.35,2020,4
Brooklyn,2020-01-01,992.07,2020,1
Brooklyn,2020-02-01,919.73,2020,2
Brooklyn,2020-03-01,134.34,2020,3
Brooklyn,2020-04-01,124.01,2020,4
Brooklyn,2020-01-01,227.35,2020,1
Brooklyn,2020-02-01,206.68,2020,2
Brooklyn,2020-03-01,206.68,2020,3
Brooklyn,2020-04-01,155.01,2020,4
Brooklyn,2020-01-01,258.35,2020,1
Brooklyn,2020-02-01,268.69,2020,2
Brooklyn,2020-03-01,310.02,2020,3
Brooklyn,2020-04-01,361.69,2020,4
Brooklyn,2020-01-01,268.69,2020,1
Brooklyn,2020-02-01,227.35,2020,2
Brooklyn,2020-03-01,227.35,2020,3
Brooklyn,2020-04-01,289.35,2020,4
Brooklyn,2020-01-01,1219.42,2020,1
Brooklyn,2020-02-01,1467.44,2020,2
Brooklyn,2020-03-01,1291.76,2020,3
Brooklyn,2020-04-01,1560.45,2020,4
Brooklyn,2020-01-01,124.01,2020,1
Brooklyn,2020-02-01,82.67,2020,2
Brooklyn,2020-03-01,124.01,2020,3
Brooklyn,2020-04-01,175.68,2020,4
Brooklyn,2020-01-01,382.36,2020,1
Brooklyn,2020-02-01,341.03,2020,2
Brooklyn,2020-03-01,341.03,2020,3
Brooklyn,2020-04-01,330.69,2020,4
Brooklyn,2020-01-01,134.34,2020,1
Brooklyn,2020-02-01,134.34,2020,2
Brooklyn,2020-03-01,124.01,2020,3
Brooklyn,2020-04-01,144.68,2020,4
Brooklyn,2020-01-01,640.71,2020,1
Brooklyn,2020-02-01,537.37,2020,2
Brooklyn,2020-03-01,506.37,2020,3
Brooklyn,2020-04-01,578.71,2020,4
Brooklyn,2020-01-01,475.37,2020,1
Brooklyn,2020-02-01,578.71,2020,2
Brooklyn,2020-03-01,609.71,2020,3
Brooklyn,2020-04-01,857.73,2020,4
Brooklyn,2020-01-01,206.68,2020,1
Brooklyn,2020-02-01,155.01,2020,2
Brooklyn,2020-03-01,165.35,2020,3
Brooklyn,2020-04-01,196.35,2020,4
Brooklyn,2020-01-01,361.69,2020,1
Brooklyn,2020-02-01,341.03,2020,2
Brooklyn,2020-03-01,289.35,2020,3
Brooklyn,2020-04-01,434.03,2020,4
Brooklyn,2020-01-01,423.7,2020,1
Brooklyn,2020-02-01,310.02,2020,2
Brooklyn,2020-03-01,268.69,2020,3
Brooklyn,2020-04-01,310.02,2020,4
Manhattan,2020-01-01,15583.82,2020,1
Manhattan,2020-02-01,18704.72,2020,2
Manhattan,2020-03-01,13816.69,2020,3
Manhattan,2020-04-01,13175.98,2020,4
Manhattan,2020-01-01,43.15,2020,1
Manhattan,2020-02-01,36.8,2020,2
Manhattan,2020-03-01,35.53,2020,3
Manhattan,2020-04-01,39.34,2020,4
Brooklyn,2020-01-01,3368.92,2020,1
Brooklyn,2020-02-01,2728.2,2020,2
Brooklyn,2020-03-01,2655.86,2020,3
Brooklyn,2020-04-01,2945.22,2020,4
Brooklyn,2020-01-01,5642.42,2020,1
Brooklyn,2020-03-01,5828.43,2020,3
Brooklyn,2020-03-01,5456.4,2020,3
Brooklyn,2020-01-01,3926.96,2020,1
Brooklyn,2020-02-01,2635.2,2020,2
Brooklyn,2020-03-01,2635.2,2020,3
Brooklyn,2020-04-01,3007.22,2020,4
Brooklyn,2020-01-01,6892.84,2020,1
Brooklyn,2020-02-01,8701.31,2020,2
Brooklyn,2020-03-01,8432.63,2020,3
Brooklyn,2020-04-01,9011.34,2020,4
Brooklyn,2020-01-01,1405.44,2020,1
Brooklyn,2020-02-01,1560.45,2020,2
Brooklyn,2020-03-01,1333.1,2020,3
Brooklyn,2020-04-01,1291.76,2020,4
Brooklyn,2020-01-01,6861.84,2020,1
Brooklyn,2020-02-01,5787.1,2020,2
Brooklyn,2020-03-01,6076.45,2020,3
Brooklyn,2020-04-01,6954.85,2020,4
Brooklyn,2020-01-01,4174.98,2020,1
Brooklyn,2020-02-01,3906.29,2020,2
Brooklyn,2020-03-01,4174.98,2020,3
Brooklyn,2020-04-01,4174.98,2020,4
Brooklyn,2020-01-01,3441.26,2020,1
Brooklyn,2020-02-01,2996.89,2020,2
Brooklyn,2020-03-01,2655.86,2020,3
Brooklyn,2020-04-01,2945.22,2020,4
Brooklyn,2020-01-01,3234.57,2020,1
Brooklyn,2020-02-01,2686.87,2020,2
Brooklyn,2020-03-01,2645.53,2020,3
Brooklyn,2020-04-01,3203.57,2020,4
Bronx,2020-01-01,6055.78,2020,1
Bronx,2020-02-01,5497.74,2020,2
Bronx,2020-03-01,4753.69,2020,3
Bronx,2020-04-01,5838.77,2020,4
Bronx,2020-01-01,4205.98,2020,1
Bronx,2020-02-01,3296.58,2020,2
Bronx,2020-03-01,3627.27,2020,3
Bronx,2020-04-01,4019.96,2020,4
Brooklyn,2020-01-01,38.07,2020,1
Brooklyn,2020-03-01,39.34,2020,3
Brooklyn,2020-03-01,36.8,2020,3
Queens,2020-01-01,12783.28,2020,1
Queens,2020-02-01,11160.83,2020,2
Queens,2020-03-01,10230.76,2020,3
Queens,2020-04-01,9269.69,2020,4
Manhattan,2020-01-01,5043.04,2020,1
Manhattan,2020-01-01,6221.13,2020,1
Manhattan,2020-02-01,4764.02,2020,2
Manhattan,2020-02-01,3957.96,2020,2
Manhattan,2020-03-01,4536.67,2020,3
Manhattan,2020-03-01,4195.64,2020,3
Manhattan,2020-04-01,5229.05,2020,4
Manhattan,2020-04-01,5156.72,2020,4
Manhattan,2020-01-01,8401.62,2020,1
Manhattan,2020-02-01,7058.19,2020,2
Manhattan,2020-03-01,8949.33,2020,3
Manhattan,2020-04-01,8504.96,2020,4
Manhattan,2020-01-01,8525.63,2020,1
Manhattan,2020-02-01,7440.55,2020,2
Manhattan,2020-03-01,9145.68,2020,3
Manhattan,2020-04-01,10396.1,2020,4
Manhattan,2020-01-01,3255.24,2020,1
Manhattan,2020-02-01,3172.57,2020,2
Manhattan,2020-03-01,3492.93,2020,3
Manhattan,2020-04-01,4722.68,2020,4
Manhattan,2020-01-01,9672.72,2020,1
Manhattan,2020-02-01,7533.56,2020,2
Manhattan,2020-03-01,7657.57,2020,3
Manhattan,2020-04-01,10385.77,2020,4
Manhattan,2020-01-01,1188.42,2020,1
Manhattan,2020-02-01,1198.76,2020,2
Manhattan,2020-03-01,1415.77,2020,3
Manhattan,2020-04-01,1384.77,2020,4
Brooklyn,2020-01-01,6148.79,2020,1
Brooklyn,2020-01-01,4257.65,2020,1
Brooklyn,2020-01-01,13682.35,2020,1
Brooklyn,2020-02-01,12493.93,2020,2
Brooklyn,2020-03-01,14033.71,2020,3
Brooklyn,2020-04-01,15552.82,2020,4
Bronx,2020-01-01,155.01,2020,1
Bronx,2020-02-01,124.01,2020,2
Bronx,2020-03-01,72.34,2020,3
Bronx,2020-04-01,39.34,2020,4
Bronx,2020-01-01,116.76,2020,1
Bronx,2020-04-01,111.68,2020,4
Queens,2020-03-01,114.22,2020,3
Queens,2020-01-01,38.07,2020,1
Queens,2020-03-01,39.34,2020,3
Queens,2020-03-01,36.8,2020,3
Queens,2020-01-01,38.07,2020,1
Queens,2020-03-01,39.34,2020,3
Queens,2020-03-01,36.8,2020,3
Queens,2020-01-01,38.07,2020,1
Queens,2020-03-01,39.34,2020,3
Queens,2020-03-01,36.8,2020,3
Manhattan,2020-01-01,165.35,2020,1
Manhattan,2020-02-01,165.35,2020,2
Manhattan,2020-03-01,144.68,2020,3
Manhattan,2020-04-01,72.34,2020,4
Queens,2020-01-01,14540.08,2020,1
Queens,2020-02-01,12783.28,2020,2
Queens,2020-03-01,11491.52,2020,3
Queens,2020-04-01,11419.18,2020,4
Queens,2020-01-01,3730.61,2020,1
Queens,2020-03-01,3854.62,2020,3
Queens,2020-03-01,3606.6,2020,3
Brooklyn,2020-01-01,43.15,2020,1
Brooklyn,2020-02-01,36.8,2020,2
Brooklyn,2020-03-01,35.53,2020,3
Brooklyn,2020-04-01,39.34,2020,4
Brooklyn,2020-01-01,5187.72,2020,1
Brooklyn,2020-02-01,4205.98,2020,2
Brooklyn,2020-03-01,4071.64,2020,3
Brooklyn,2020-04-01,5477.07,2020,4
Brooklyn,2020-01-01,2531.85,2020,1
Brooklyn,2020-02-01,2366.51,2020,2
Brooklyn,2020-03-01,2531.85,2020,3
Brooklyn,2020-04-01,2531.85,2020,4
Brooklyn,2020-01-01,1333.1,2020,1
Brooklyn,2020-02-01,1250.43,2020,2
Brooklyn,2020-03-01,1333.1,2020,3
Brooklyn,2020-04-01,1333.1,2020,4
Brooklyn,2020-01-01,1901.47,2020,1
Brooklyn,2020-02-01,1767.13,2020,2
Brooklyn,2020-03-01,1870.47,2020,3
Brooklyn,2020-04-01,1984.15,2020,4
Brooklyn,2020-01-01,55.84,2020,1
Brooklyn,2020-02-01,36.8,2020,2
Brooklyn,2020-03-01,35.53,2020,3
Brooklyn,2020-04-01,41.88,2020,4
Brooklyn,2020-01-01,341.03,2020,1
Brooklyn,2020-02-01,351.36,2020,2
Brooklyn,2020-03-01,330.69,2020,3
Queens,2020-01-01,723.39,2020,1
Queens,2020-02-01,537.37,2020,2
Queens,2020-03-01,547.71,2020,3
Queens,2020-04-01,640.71,2020,4
Manhattan,2020-01-01,14560.75,2020,1
Manhattan,2020-02-01,13661.68,2020,2
Manhattan,2020-03-01,14591.75,2020,3
Manhattan,2020-03-01,14591.75,2020,3
Brooklyn,2020-01-01,43.15,2020,1
Brooklyn,2020-01-01,45366.7,2020,1
Brooklyn,2020-02-01,42452.48,2020,2
Brooklyn,2020-02-01,36.8,2020,2
Brooklyn,2020-03-01,45397.7,2020,3
Brooklyn,2020-03-01,35.53,2020,3
Brooklyn,2020-04-01,39.34,2020,4
Brooklyn,2020-04-01,45408.04,2020,4
Manhattan,2020-01-01,537.37,2020,1
Manhattan,2020-02-01,423.7,2020,2
Manhattan,2020-03-01,454.7,2020,3
Manhattan,2020-04-01,589.04,2020,4
Manhattan,2020-01-01,2759.2,2020,1
Manhattan,2020-02-01,2242.5,2020,2
Manhattan,2020-03-01,2304.5,2020,3
Manhattan,2020-04-01,2821.21,2020,4
Manhattan,2020-01-01,2190.83,2020,1
Manhattan,2020-02-01,2046.15,2020,2
Manhattan,2020-03-01,2190.83,2020,3
Manhattan,2020-04-01,2201.16,2020,4
Manhattan,2020-01-01,3317.25,2020,1
Manhattan,2020-02-01,2118.49,2020,2
Manhattan,2020-03-01,1756.8,2020,3
Manhattan,2020-04-01,2025.48,2020,4
Manhattan,2020-01-01,2666.2,2020,1
Manhattan,2020-02-01,2056.49,2020,2
Manhattan,2020-03-01,2170.16,2020,3
Manhattan,2020-04-01,2304.5,2020,4
Manhattan,2020-01-01,4340.32,2020,1
Manhattan,2020-02-01,3854.62,2020,2
Manhattan,2020-03-01,3771.95,2020,3
Manhattan,2020-04-01,4774.35,2020,4
Manhattan,2020-01-01,2387.18,2020,1
Manhattan,2020-02-01,2242.5,2020,2
Manhattan,2020-03-01,2397.51,2020,3
Manhattan,2020-04-01,2397.51,2020,4
Manhattan,2020-01-01,1085.08,2020,1
Manhattan,2020-02-01,1105.75,2020,2
Manhattan,2020-03-01,1167.75,2020,3
Manhattan,2020-04-01,1529.45,2020,4
Manhattan,2020-01-01,2469.85,2020,1
Manhattan,2020-01-01,2201.16,2020,1
Manhattan,2020-01-01,2655.86,2020,1
Manhattan,2020-02-01,2087.49,2020,2
Manhattan,2020-02-01,1818.8,2020,2
Manhattan,2020-02-01,2490.52,2020,2
Manhattan,2020-03-01,1663.79,2020,3
Manhattan,2020-03-01,1736.13,2020,3
Manhattan,2020-03-01,2831.54,2020,3
Manhattan,2020-04-01,1715.46,2020,4
Manhattan,2020-04-01,1994.48,2020,4
Manhattan,2020-04-01,2345.84,2020,4
Manhattan,2020-01-01,1374.44,2020,1
Manhattan,2020-02-01,1291.76,2020,2
Manhattan,2020-03-01,1374.44,2020,3
Manhattan,2020-04-01,1374.44,2020,4
Manhattan,2020-01-01,2190.83,2020,1
Manhattan,2020-02-01,3658.27,2020,2
Manhattan,2020-03-01,3875.29,2020,3
Manhattan,2020-04-01,4371.32,2020,4
Manhattan,2020-01-01,692.38,2020,1
Manhattan,2020-02-01,692.38,2020,2
Manhattan,2020-03-01,547.71,2020,3
Manhattan,2020-04-01,713.05,2020,4
Manhattan,2020-01-01,5280.73,2020,1
Manhattan,2020-02-01,3906.29,2020,2
Manhattan,2020-03-01,3699.61,2020,3
Manhattan,2020-04-01,4133.64,2020,4
Manhattan,2020-01-01,3058.89,2020,1
Manhattan,2020-02-01,2469.85,2020,2
Manhattan,2020-03-01,2407.85,2020,3
Manhattan,2020-04-01,2686.87,2020,4
Manhattan,2020-01-01,1374.44,2020,1
Manhattan,2020-02-01,1333.1,2020,2
Manhattan,2020-03-01,1436.44,2020,3
Manhattan,2020-04-01,1767.13,2020,4
Manhattan,2020-01-01,599.38,2020,1
Manhattan,2020-02-01,568.38,2020,2
Manhattan,2020-03-01,630.38,2020,3
Manhattan,2020-04-01,206.68,2020,4
Manhattan,2020-01-01,372.03,2020,1
Manhattan,2020-02-01,268.69,2020,2
Manhattan,2020-03-01,506.37,2020,3
Manhattan,2020-04-01,516.71,2020,4
Manhattan,2020-01-01,2108.16,2020,1
Manhattan,2020-02-01,1684.46,2020,2
Manhattan,2020-03-01,1798.13,2020,3
Manhattan,2020-04-01,2056.49,2020,4
Manhattan,2020-01-01,1209.09,2020,1
Manhattan,2020-02-01,981.74,2020,2
Manhattan,2020-03-01,961.07,2020,3
Manhattan,2020-04-01,1167.75,2020,4
Manhattan,2020-01-01,2232.17,2020,1
Manhattan,2020-02-01,1994.48,2020,2
Manhattan,2020-03-01,1963.48,2020,3
Manhattan,2020-04-01,2366.51,2020,4
Manhattan,2020-01-01,1198.76,2020,1
Manhattan,2020-02-01,826.73,2020,2
Manhattan,2020-03-01,423.7,2020,3
Manhattan,2020-04-01,186.01,2020,4
Manhattan,2020-01-01,640.71,2020,1
Manhattan,2020-02-01,692.38,2020,2
Manhattan,2020-03-01,496.04,2020,3
Manhattan,2020-04-01,609.71,2020,4
Manhattan,2020-01-01,134.34,2020,1
Manhattan,2020-02-01,392.7,2020,2
Manhattan,2020-03-01,713.05,2020,3
Manhattan,2020-04-01,661.38,2020,4
Manhattan,2020-01-01,516.71,2020,1
Manhattan,2020-02-01,413.36,2020,2
Manhattan,2020-03-01,392.7,2020,3
Manhattan,2020-04-01,454.7,2020,4
Manhattan,2020-01-01,1116.08,2020,1
Manhattan,2020-02-01,1085.08,2020,2
Manhattan,2020-03-01,1043.74,2020,3
Manhattan,2020-04-01,1271.09,2020,4
Queens,2020-01-01,8804.65,2020,1
Queens,2020-02-01,7450.89,2020,2
Queens,2020-03-01,8070.93,2020,3
Queens,2020-04-01,8773.65,2020,4
Manhattan,2020-01-01,465.03,2020,1
Manhattan,2020-02-01,475.37,2020,2
Manhattan,2020-03-01,351.36,2020,3
Manhattan,2020-04-01,299.69,2020,4
Bronx,2020-01-01,62.0,2020,1
Bronx,2020-02-01,62.0,2020,2
Bronx,2020-03-01,93.01,2020,3
Bronx,2020-04-01,39.34,2020,4
Queens,2020-01-01,3906.29,2020,1
Queens,2020-02-01,3451.59,2020,2
Queens,2020-03-01,2666.2,2020,3
Queens,2020-04-01,3079.56,2020,4
Queens,2020-01-01,1736.13,2020,1
Queens,2020-01-01,0.0,2020,1
Queens,2020-02-01,1426.11,2020,2
Queens,2020-02-01,0.0,2020,2
Queens,2020-03-01,1436.44,2020,3
Queens,2020-03-01,0.0,2020,3
Queens,2020-04-01,1570.78,2020,4
Queens,2020-04-01,0.0,2020,4
Queens,2020-01-01,5601.08,2020,1
Queens,2020-02-01,5787.1,2020,2
Queens,2020-03-01,5415.07,2020,3
Queens,2020-01-01,7988.26,2020,1
Queens,2020-02-01,7120.19,2020,2
Queens,2020-03-01,6386.47,2020,3
Queens,2020-04-01,3048.56,2020,4
Queens,2020-01-01,4267.98,2020,1
Queens,2020-02-01,3368.92,2020,2
Queens,2020-03-01,3151.9,2020,3
Queens,2020-04-01,3895.96,2020,4
Queens,2020-01-01,3926.96,2020,1
Queens,2020-02-01,3637.6,2020,2
Queens,2020-03-01,3379.25,2020,3
Queens,2020-04-01,3854.62,2020,4
Queens,2020-01-01,3461.92,2020,1
Queens,2020-02-01,3120.9,2020,2
Queens,2020-03-01,3182.9,2020,3
Queens,2020-04-01,3441.26,2020,4
Queens,2020-01-01,43.15,2020,1
Queens,2020-02-01,36.8,2020,2
Queens,2020-03-01,35.53,2020,3
Queens,2020-04-01,39.34,2020,4
Queens,2020-01-01,6541.49,2020,1
Queens,2020-02-01,5694.09,2020,2
Queens,2020-03-01,4650.35,2020,3
Queens,2020-04-01,3751.28,2020,4
Queens,2020-01-01,2707.53,2020,1
Queens,2020-03-01,2800.54,2020,3
Queens,2020-03-01,2614.53,2020,3
Queens,2020-01-01,0.0,2020,1
Queens,2020-01-01,1674.12,2020,1
Queens,2020-02-01,0.0,2020,2
Queens,2020-02-01,1477.78,2020,2
Queens,2020-03-01,0.0,2020,3
Queens,2020-03-01,1663.79,2020,3
Queens,2020-04-01,0.0,2020,4
Queens,2020-04-01,1694.79,2020,4
Queens,2020-01-01,3895.96,2020,1
Queens,2020-02-01,3472.26,2020,2
Queens,2020-03-01,3492.93,2020,3
Queens,2020-04-01,3999.3,2020,4
Queens,2020-01-01,4867.36,2020,1
Queens,2020-02-01,3244.91,2020,2
Queens,2020-03-01,3193.24,2020,3
Queens,2020-04-01,3854.62,2020,4
Queens,2020-01-01,0.0,2020,1
Queens,2020-01-01,2201.16,2020,1
Queens,2020-02-01,0.0,2020,2
Queens,2020-02-01,1973.81,2020,2
Queens,2020-03-01,0.0,2020,3
Queens,2020-03-01,2170.16,2020,3
Queens,2020-04-01,0.0,2020,4
Queens,2020-04-01,2211.5,2020,4
Queens,2020-01-01,3162.23,2020,1
Queens,2020-02-01,2015.15,2020,2
Queens,2020-03-01,1942.81,2020,3
Queens,2020-04-01,2314.84,2020,4
Queens,2020-01-01,6024.78,2020,1
Queens,2020-02-01,6024.78,2020,2
Queens,2020-03-01,4578.01,2020,3
Queens,2020-04-01,4774.35,2020,4
Queens,2020-01-01,1870.47,2020,1
Queens,2020-02-01,1364.1,2020,2
Queens,2020-03-01,1591.45,2020,3
Queens,2020-04-01,1818.8,2020,4
Queens,2020-01-01,38587.53,2020,1
Queens,2020-02-01,31167.65,2020,2
Queens,2020-03-01,22931.37,2020,3
Queens,2020-04-01,26775.65,2020,4
Staten,2020-01-01,320.36,2020,1
Staten,2020-02-01,320.36,2020,2
Staten,2020-03-01,299.69,2020,3
Staten,2020-04-01,320.36,2020,4
Bronx,2020-01-01,4288.65,2020,1
Bronx,2020-02-01,4019.96,2020,2
Bronx,2020-03-01,4288.65,2020,3
Bronx,2020-04-01,4288.65,2020,4
Bronx,2020-01-01,6355.47,2020,1
Bronx,2020-02-01,5942.11,2020,2
Bronx,2020-03-01,6355.47,2020,3
Bronx,2020-04-01,6355.47,2020,4
Bronx,2020-01-01,8970.0,2020,1
Bronx,2020-02-01,7554.23,2020,2
Bronx,2020-03-01,7461.22,2020,3
Bronx,2020-04-01,7977.93,2020,4
Brooklyn,2020-01-01,3348.25,2020,1
Brooklyn,2020-02-01,2562.86,2020,2
Brooklyn,2020-03-01,2655.86,2020,3
Brooklyn,2020-04-01,2955.55,2020,4
Brooklyn,2020-01-01,2542.19,2020,1
Brooklyn,2020-02-01,2531.85,2020,2
Brooklyn,2020-03-01,2438.85,2020,3
Brooklyn,2020-04-01,2779.87,2020,4
Brooklyn,2020-01-01,2562.86,2020,1
Brooklyn,2020-02-01,2139.16,2020,2
Brooklyn,2020-03-01,2232.17,2020,3
Brooklyn,2020-04-01,2500.85,2020,4
Brooklyn,2020-03-01,7326.88,2020,3
Brooklyn,2020-04-01,1395.1,2020,4
Brooklyn,2020-01-01,4474.67,2020,1
Brooklyn,2020-01-01,7347.55,2020,1
Brooklyn,2020-02-01,3451.59,2020,2
Brooklyn,2020-02-01,6076.45,2020,2
Brooklyn,2020-03-01,3441.26,2020,3
Brooklyn,2020-03-01,5859.43,2020,3
Brooklyn,2020-04-01,3534.26,2020,4
Brooklyn,2020-04-01,6086.78,2020,4
Manhattan,2020-01-01,3510.28,2020,1
Manhattan,2020-02-01,3283.81,2020,2
Manhattan,2020-03-01,3510.28,2020,3
Manhattan,2020-04-01,3510.28,2020,4
Manhattan,2020-01-01,9662.38,2020,1
Manhattan,2020-02-01,8587.64,2020,2
Manhattan,2020-03-01,8184.61,2020,3
Manhattan,2020-04-01,9083.67,2020,4
Bronx,2020-01-01,1064.41,2020,1
Bronx,2020-01-01,3988.96,2020,1
Bronx,2020-02-01,3740.94,2020,2
Bronx,2020-02-01,795.73,2020,2
Bronx,2020-03-01,3988.96,2020,3
Bronx,2020-03-01,506.37,2020,3
Bronx,2020-04-01,888.73,2020,4
Bronx,2020-04-01,3988.96,2020,4
Bronx,2020-01-01,2800.54,2020,1
Bronx,2020-02-01,2035.82,2020,2
Bronx,2020-03-01,2686.87,2020,3
Bronx,2020-04-01,3544.6,2020,4
Bronx,2020-01-01,2387.18,2020,1
Bronx,2020-02-01,2914.22,2020,2
Bronx,2020-03-01,1839.47,2020,3
Bronx,2020-04-01,2924.55,2020,4
Bronx,2020-01-01,1911.81,2020,1
Bronx,2020-02-01,2118.49,2020,2
Bronx,2020-03-01,2263.17,2020,3
Bronx,2020-04-01,2810.88,2020,4
Bronx,2020-01-01,4454.0,2020,1
Bronx,2020-02-01,2821.21,2020,2
Bronx,2020-03-01,2645.53,2020,3
Bronx,2020-04-01,2955.55,2020,4
Manhattan,2020-01-01,43.15,2020,1
Manhattan,2020-01-01,9404.03,2020,1
Manhattan,2020-01-01,9.17,2020,1
Manhattan,2020-02-01,8783.99,2020,2
Manhattan,2020-02-01,36.8,2020,2
Manhattan,2020-02-01,8.58,2020,2
Manhattan,2020-03-01,35.53,2020,3
Manhattan,2020-03-01,9383.36,2020,3
Manhattan,2020-03-01,9.17,2020,3
Manhattan,2020-04-01,39.34,2020,4
Manhattan,2020-04-01,9414.37,2020,4
Manhattan,2020-04-01,9.17,2020,4
Manhattan,2020-01-01,4846.69,2020,1
Manhattan,2020-01-01,7988.26,2020,1
Manhattan,2020-02-01,4536.67,2020,2
Manhattan,2020-02-01,7182.2,2020,2
Manhattan,2020-03-01,4846.69,2020,3
Manhattan,2020-03-01,6934.18,2020,3
Manhattan,2020-04-01,7750.58,2020,4
Manhattan,2020-04-01,4846.69,2020,4
Brooklyn,2020-01-01,103.34,2020,1
Brooklyn,2020-02-01,103.34,2020,2
Brooklyn,2020-03-01,103.34,2020,3
Brooklyn,2020-04-01,103.34,2020,4
Manhattan,2020-01-01,196.35,2020,1
Manhattan,2020-02-01,175.68,2020,2
Manhattan,2020-03-01,196.35,2020,3
Manhattan,2020-04-01,196.35,2020,4
Manhattan,2020-01-01,2748.87,2020,1
Manhattan,2020-02-01,2624.86,2020,2
Manhattan,2020-03-01,2418.18,2020,3
Manhattan,2020-04-01,2697.2,2020,4
Manhattan,2020-01-01,2128.82,2020,1
Manhattan,2020-02-01,1715.46,2020,2
Manhattan,2020-03-01,1808.47,2020,3
Manhattan,2020-04-01,1973.81,2020,4
Bronx,2020-01-01,7864.25,2020,1
Bronx,2020-02-01,6231.46,2020,2
Bronx,2020-03-01,6624.16,2020,3
Bronx,2020-04-01,6903.18,2020,4
Bronx,2020-01-01,10509.78,2020,1
Bronx,2020-02-01,9104.34,2020,2
Bronx,2020-03-01,8876.99,2020,3
Bronx,2020-04-01,10334.1,2020,4
Bronx,2020-01-01,19324.77,2020,1
Bronx,2020-02-01,14932.77,2020,2
Bronx,2020-03-01,15893.85,2020,3
Bronx,2020-04-01,18229.35,2020,4
Brooklyn,2020-01-01,43.15,2020,1
Brooklyn,2020-02-01,36.8,2020,2
Brooklyn,2020-03-01,35.53,2020,3
Brooklyn,2020-04-01,39.34,2020,4
Brooklyn,2020-01-01,113.68,2020,1
Brooklyn,2020-02-01,41.34,2020,2
Brooklyn,2020-03-01,41.34,2020,3
Brooklyn,2020-04-01,39.34,2020,4
Brooklyn,2020-01-01,43.15,2020,1
Brooklyn,2020-02-01,36.8,2020,2
Brooklyn,2020-03-01,35.53,2020,3
Brooklyn,2020-04-01,39.34,2020,4
Brooklyn,2020-03-01,47888.61,2020,3
Brooklyn,2020-06-01,6066.12,2020,6
Brooklyn,2020-09-01,6913.51,2020,9
Brooklyn,2020-12-01,8070.93,2020,12
Brooklyn,2021-01-01,1240.09,2021,1
Brooklyn,2021-02-01,1674.12,2021,2
Queens,2020-01-01,196.35,2020,1
Queens,2020-02-01,258.35,2020,2
Queens,2020-03-01,217.02,2020,3
Queens,2020-04-01,103.34,2020,4
Queens,2020-05-01,93.01,2020,5
Queens,2020-06-01,93.01,2020,6
Queens,2020-07-01,124.01,2020,7
Queens,2020-08-01,113.68,2020,8
Queens,2020-09-01,217.02,2020,9
Queens,2020-10-01,227.35,2020,10
Queens,2020-11-01,165.35,2020,11
Queens,2020-12-01,144.68,2020,12
Queens,2021-01-01,124.01,2021,1
Queens,2021-02-01,186.01,2021,2
Brooklyn,2020-01-01,72.34,2020,1
Brooklyn,2020-02-01,82.67,2020,2
Brooklyn,2020-03-01,62.0,2020,3
Brooklyn,2020-04-01,39.34,2020,4
Brooklyn,2020-05-01,35.53,2020,5
Brooklyn,2020-06-01,40.61,2020,6
Brooklyn,2020-07-01,43.15,2020,7
Brooklyn,2020-08-01,36.8,2020,8
Brooklyn,2020-09-01,38.07,2020,9
Brooklyn,2020-10-01,144.68,2020,10
Brooklyn,2020-11-01,547.71,2020,11
Brooklyn,2020-12-01,744.06,2020,12
Brooklyn,2021-01-01,38.07,2021,1
Brooklyn,2021-02-01,40.61,2021,2
Brooklyn,2020-01-01,3968.29,2020,1
Brooklyn,2020-01-01,1932.48,2020,1
Brooklyn,2020-01-01,4309.32,2020,1
Brooklyn,2020-01-01,2769.54,2020,1
Brooklyn,2020-01-01,5301.39,2020,1
Brooklyn,2020-01-01,2180.5,2020,1
Brooklyn,2020-01-01,6613.82,2020,1
Brooklyn,2020-01-01,3689.27,2020,1
Bronx,2020-01-01,38.07,2020,1
Bronx,2020-01-01,237.68,2020,1
Bronx,2020-03-01,39.34,2020,3
Bronx,2020-03-01,248.02,2020,3
Bronx,2020-03-01,36.8,2020,3
Bronx,2020-03-01,227.35,2020,3
Bronx,2020-04-01,36.8,2020,4
Bronx,2020-04-01,227.35,2020,4
Bronx,2020-05-01,36.8,2020,5
Bronx,2020-05-01,227.35,2020,5
Bronx,2020-06-01,22.84,2020,6
Bronx,2020-06-01,144.68,2020,6
Bronx,2020-07-01,40.61,2020,7
Bronx,2020-07-01,248.02,2020,7
Bronx,2020-08-01,39.34,2020,8
Bronx,2020-08-01,248.02,2020,8
Bronx,2020-09-01,38.07,2020,9
Bronx,2020-09-01,237.68,2020,9
Bronx,2020-10-01,36.8,2020,10
Bronx,2020-10-01,227.35,2020,10
Bronx,2020-11-01,40.61,2020,11
Bronx,2020-11-01,258.35,2020,11
Bronx,2020-12-01,36.8,2020,12
Bronx,2020-12-01,227.35,2020,12
Bronx,2021-01-01,237.68,2021,1
Bronx,2021-01-01,38.07,2021,1
Bronx,2021-02-01,36.8,2021,2
Bronx,2021-02-01,227.35,2021,2
Bronx,2020-01-01,382.36,2020,1
Bronx,2020-02-01,382.36,2020,2
Bronx,2020-03-01,485.7,2020,3
Bronx,2020-04-01,2552.52,2020,4
Bronx,2020-05-01,1322.76,2020,5
Bronx,2020-06-01,1260.76,2020,6
Bronx,2020-07-01,1219.42,2020,7
Bronx,2020-08-01,919.73,2020,8
Bronx,2020-09-01,930.07,2020,9
Bronx,2020-10-01,847.4,2020,10
Bronx,2020-11-01,816.39,2020,11
Bronx,2020-12-01,1064.41,2020,12
Bronx,2021-01-01,1064.41,2021,1
Bronx,2021-02-01,1074.75,2021,2
Bronx,2020-01-01,620.05,2020,1
Bronx,2020-02-01,36.8,2020,2
Bronx,2020-03-01,35.53,2020,3
Bronx,2020-04-01,39.34,2020,4
Bronx,2020-05-01,35.53,2020,5
Bronx,2020-06-01,40.61,2020,6
Bronx,2020-07-01,43.15,2020,7
Bronx,2020-08-01,36.8,2020,8
Bronx,2020-09-01,38.07,2020,9
Bronx,2020-10-01,36.8,2020,10
Bronx,2020-11-01,39.34,2020,11
Bronx,2020-12-01,38.07,2020,12
Bronx,2021-01-01,38.07,2021,1
Bronx,2021-02-01,40.61,2021,2
Queens,2020-01-01,20575.19,2020,1
Queens,2020-02-01,17940.0,2020,2
Queens,2020-03-01,16627.57,2020,3
Queens,2020-04-01,17950.33,2020,4
Queens,2020-05-01,17113.27,2020,5
Queens,2020-06-01,20223.83,2020,6
Queens,2020-07-01,21835.95,2020,7
Queens,2020-08-01,20544.19,2020,8
Queens,2020-09-01,21381.25,2020,9
Queens,2020-10-01,18839.06,2020,10
Queens,2020-11-01,18591.05,2020,11
Queens,2020-12-01,19645.12,2020,12
Queens,2021-01-01,20068.82,2021,1
Queens,2021-02-01,18529.04,2021,2
Brooklyn,2020-01-01,1715.46,2020,1
Brooklyn,2020-02-01,1457.11,2020,2
Brooklyn,2020-03-01,1529.45,2020,3
Brooklyn,2020-04-01,1643.12,2020,4
Brooklyn,2020-05-01,1622.45,2020,5
Brooklyn,2020-06-01,1767.13,2020,6
Brooklyn,2020-07-01,2097.82,2020,7
Brooklyn,2020-08-01,1725.79,2020,8
Brooklyn,2020-09-01,1787.8,2020,9
Brooklyn,2020-10-01,1829.14,2020,10
Brooklyn,2020-11-01,2149.49,2020,11
Brooklyn,2020-12-01,2252.83,2020,12
Brooklyn,2021-01-01,2304.5,2021,1
Brooklyn,2021-02-01,2614.53,2021,2
Bronx,2020-12-01,6603.49,2020,12
Bronx,2020-12-01,4360.99,2020,12
Bronx,2020-12-01,7409.55,2020,12
Bronx,2020-01-01,3337.91,2020,1
Bronx,2020-01-01,3472.26,2020,1
Bronx,2020-01-01,7192.53,2020,1
Bronx,2020-02-01,6024.78,2020,2
Bronx,2020-02-01,3172.57,2020,2
Bronx,2020-02-01,3275.91,2020,2
Bronx,2020-03-01,5900.77,2020,3
Bronx,2020-03-01,2841.88,2020,3
Bronx,2020-03-01,3658.27,2020,3
Bronx,2020-04-01,6624.16,2020,4
Bronx,2020-04-01,3906.29,2020,4
Bronx,2020-04-01,4371.32,2020,4
Bronx,2020-05-01,5993.78,2020,5
Bronx,2020-05-01,3461.92,2020,5
Bronx,2020-05-01,4278.32,2020,5
Bronx,2020-06-01,6293.47,2020,6
Bronx,2020-06-01,3864.95,2020,6
Bronx,2020-06-01,4960.37,2020,6
Bronx,2020-07-01,5828.43,2020,7
Bronx,2020-07-01,4423.0,2020,7
Bronx,2020-07-01,5559.74,2020,7
Bronx,2020-08-01,5787.1,2020,8
Bronx,2020-08-01,3172.57,2020,8
Bronx,2020-08-01,4826.02,2020,8
Bronx,2020-09-01,6500.15,2020,9
Bronx,2020-09-01,3048.56,2020,9
Bronx,2020-09-01,5074.04,2020,9
Bronx,2020-10-01,6448.48,2020,10
Bronx,2020-10-01,2738.54,2020,10
Bronx,2020-10-01,5260.06,2020,10
Bronx,2020-11-01,6097.12,2020,11
Bronx,2020-11-01,3069.23,2020,11
Bronx,2020-11-01,5342.73,2020,11
Bronx,2020-12-01,5942.11,2020,12
Bronx,2020-12-01,2883.21,2020,12
Bronx,2020-12-01,4360.99,2020,12
Bronx,2021-01-01,5890.44,2021,1
Bronx,2021-01-01,2769.54,2021,1
Bronx,2021-01-01,4154.31,2021,1
Bronx,2021-02-01,6355.47,2021,2
Bronx,2021-02-01,3265.58,2021,2
Bronx,2021-02-01,3213.91,2021,2
Bronx,2020-06-01,16720.57,2020,6
Bronx,2020-06-01,1219.42,2020,6
Bronx,2020-07-01,940.4,2020,7
Bronx,2020-08-01,2356.17,2020,8
Bronx,2020-09-01,2418.18,2020,9
Bronx,2020-10-01,2387.18,2020,10
Bronx,2020-11-01,2748.87,2020,11
Bronx,2020-12-01,2903.88,2020,12
Bronx,2021-01-01,2418.18,2021,1
Bronx,2021-02-01,2934.88,2021,2
Bronx,2020-01-01,8928.66,2020,1
Bronx,2020-02-01,6376.14,2020,2
Bronx,2020-03-01,6221.13,2020,3
Bronx,2020-04-01,7192.53,2020,4
Bronx,2020-05-01,6892.84,2020,5
Bronx,2020-06-01,7244.2,2020,6
Bronx,2020-07-01,7285.54,2020,7
Bronx,2020-08-01,6665.49,2020,8
Bronx,2020-09-01,6996.19,2020,9
Bronx,2020-10-01,7233.87,2020,10
Bronx,2020-11-01,8081.27,2020,11
Bronx,2020-12-01,7378.55,2020,12
Bronx,2021-01-01,7357.88,2021,1
Bronx,2021-02-01,7233.87,2021,2
Bronx,2020-01-01,2955.55,2020,1
Bronx,2020-02-01,2180.5,2020,2
Bronx,2020-03-01,2211.5,2020,3
Bronx,2020-04-01,2490.52,2020,4
Bronx,2020-05-01,2428.51,2020,5
Bronx,2020-06-01,2397.51,2020,6
Bronx,2020-07-01,2686.87,2020,7
Bronx,2020-08-01,2159.83,2020,8
Bronx,2020-09-01,2562.86,2020,9
Bronx,2020-10-01,2314.84,2020,10
Bronx,2020-11-01,2521.52,2020,11
Bronx,2020-12-01,2263.17,2020,12
Bronx,2021-01-01,2428.51,2021,1
Bronx,2021-02-01,2614.53,2021,2
Bronx,2020-11-01,609.71,2020,11
Bronx,2020-12-01,3988.96,2020,12
Bronx,2021-01-01,0.0,2021,1
Brooklyn,2020-01-01,206.68,2020,1
Brooklyn,2020-02-01,196.35,2020,2
Brooklyn,2020-03-01,186.01,2020,3
Brooklyn,2020-04-01,196.35,2020,4
Brooklyn,2020-05-01,175.68,2020,5
Brooklyn,2020-06-01,175.68,2020,6
Brooklyn,2020-07-01,155.01,2020,7
Brooklyn,2020-08-01,165.35,2020,8
Brooklyn,2020-09-01,186.01,2020,9
Brooklyn,2020-10-01,196.35,2020,10
Brooklyn,2020-11-01,248.02,2020,11
Brooklyn,2020-12-01,268.69,2020,12
Brooklyn,2021-01-01,289.35,2021,1
Brooklyn,2021-02-01,330.69,2021,2
Brooklyn,2020-01-01,227.35,2020,1
Brooklyn,2020-02-01,237.68,2020,2
Brooklyn,2020-03-01,217.02,2020,3
Brooklyn,2020-04-01,227.35,2020,4
Brooklyn,2020-05-01,186.01,2020,5
Brooklyn,2020-06-01,227.35,2020,6
Brooklyn,2020-07-01,196.35,2020,7
Brooklyn,2020-08-01,186.01,2020,8
Brooklyn,2020-09-01,268.69,2020,9
Brooklyn,2020-10-01,217.02,2020,10
Brooklyn,2020-11-01,217.02,2020,11
Brooklyn,2020-12-01,268.69,2020,12
Brooklyn,2021-01-01,361.69,2021,1
Brooklyn,2021-02-01,475.37,2021,2
Brooklyn,2020-01-01,372.03,2020,1
Brooklyn,2020-02-01,237.68,2020,2
Brooklyn,2020-03-01,206.68,2020,3
Brooklyn,2020-04-01,196.35,2020,4
Brooklyn,2020-05-01,196.35,2020,5
Brooklyn,2020-06-01,227.35,2020,6
Brooklyn,2020-07-01,248.01,2020,7
Brooklyn,2020-08-01,186.01,2020,8
Brooklyn,2020-09-01,196.35,2020,9
Brooklyn,2020-10-01,196.35,2020,10
Brooklyn,2020-11-01,206.68,2020,11
Brooklyn,2020-12-01,206.68,2020,12
Brooklyn,2021-01-01,217.02,2021,1
Brooklyn,2021-02-01,206.68,2021,2
Brooklyn,2020-01-01,516.71,2020,1
Brooklyn,2020-02-01,361.69,2020,2
Brooklyn,2020-03-01,320.36,2020,3
Brooklyn,2020-04-01,299.69,2020,4
Brooklyn,2020-05-01,289.35,2020,5
Brooklyn,2020-06-01,299.69,2020,6
Brooklyn,2020-07-01,289.35,2020,7
Brooklyn,2020-08-01,248.02,2020,8
Brooklyn,2020-09-01,258.35,2020,9
Brooklyn,2020-10-01,258.35,2020,10
Brooklyn,2020-11-01,310.02,2020,11
Brooklyn,2020-12-01,351.36,2020,12
Brooklyn,2021-01-01,454.7,2021,1
Brooklyn,2021-02-01,485.7,2021,2
Brooklyn,2020-01-01,1942.81,2020,1
Brooklyn,2020-02-01,744.06,2020,2
Brooklyn,2020-03-01,268.69,2020,3
Brooklyn,2020-04-01,227.35,2020,4
Brooklyn,2020-05-01,258.35,2020,5
Brooklyn,2020-06-01,258.35,2020,6
Brooklyn,2020-07-01,289.35,2020,7
Brooklyn,2020-08-01,217.02,2020,8
Brooklyn,2020-09-01,279.02,2020,9
Brooklyn,2020-10-01,310.02,2020,10
Brooklyn,2020-11-01,227.35,2020,11
Brooklyn,2020-12-01,227.35,2020,12
Brooklyn,2021-01-01,268.69,2021,1
Brooklyn,2021-02-01,268.69,2021,2
Brooklyn,2020-01-01,992.07,2020,1
Brooklyn,2020-02-01,919.73,2020,2
Brooklyn,2020-03-01,134.34,2020,3
Brooklyn,2020-04-01,124.01,2020,4
Brooklyn,2020-05-01,165.35,2020,5
Brooklyn,2020-06-01,144.68,2020,6
Brooklyn,2020-06-01,51.67,2020,6
Brooklyn,2020-09-01,392.7,2020,9
Brooklyn,2020-11-01,196.35,2020,11
Brooklyn,2020-12-01,1147.09,2020,12
Brooklyn,2021-01-01,1240.09,2021,1
Brooklyn,2021-02-01,1333.1,2021,2
Brooklyn,2020-01-01,227.35,2020,1
Brooklyn,2020-02-01,206.68,2020,2
Brooklyn,2020-03-01,206.68,2020,3
Brooklyn,2020-04-01,155.01,2020,4
Brooklyn,2020-05-01,155.01,2020,5
Brooklyn,2020-06-01,186.01,2020,6
Brooklyn,2020-07-01,186.01,2020,7
Brooklyn,2020-08-01,165.35,2020,8
Brooklyn,2020-09-01,186.01,2020,9
Brooklyn,2020-10-01,175.68,2020,10
Brooklyn,2020-11-01,206.68,2020,11
Brooklyn,2020-12-01,196.35,2020,12
Brooklyn,2021-01-01,227.35,2021,1
Brooklyn,2021-02-01,248.02,2021,2
Brooklyn,2020-01-01,258.35,2020,1
Brooklyn,2020-02-01,268.69,2020,2
Brooklyn,2020-03-01,310.02,2020,3
Brooklyn,2020-04-01,361.69,2020,4
Brooklyn,2020-05-01,413.36,2020,5
Brooklyn,2020-06-01,372.03,2020,6
Brooklyn,2020-07-01,372.02,2020,7
Brooklyn,2020-08-01,330.69,2020,8
Brooklyn,2020-09-01,299.69,2020,9
Brooklyn,2020-11-01,816.39,2020,11
Brooklyn,2020-12-01,124.01,2020,12
Brooklyn,2021-01-01,361.69,2021,1
Brooklyn,2021-02-01,341.03,2021,2
Brooklyn,2020-01-01,268.69,2020,1
Brooklyn,2020-02-01,227.35,2020,2
Brooklyn,2020-03-01,227.35,2020,3
Brooklyn,2020-04-01,289.35,2020,4
Brooklyn,2020-05-01,217.02,2020,5
Brooklyn,2020-06-01,248.02,2020,6
Brooklyn,2020-07-01,258.35,2020,7
Brooklyn,2020-08-01,196.35,2020,8
Brooklyn,2020-09-01,196.35,2020,9
Brooklyn,2020-10-01,196.35,2020,10
Brooklyn,2020-11-01,248.02,2020,11
Brooklyn,2020-12-01,258.35,2020,12
Brooklyn,2021-01-01,310.02,2021,1
Brooklyn,2021-02-01,382.36,2021,2
Brooklyn,2020-01-01,1219.42,2020,1
Brooklyn,2020-02-01,1467.44,2020,2
Brooklyn,2020-03-01,1291.76,2020,3
Brooklyn,2020-04-01,1560.45,2020,4
Brooklyn,2020-05-01,950.74,2020,5
Brooklyn,2020-06-01,692.38,2020,6
Brooklyn,2020-07-01,671.72,2020,7
Brooklyn,2020-08-01,341.03,2020,8
Brooklyn,2020-09-01,237.68,2020,9
Brooklyn,2020-10-01,196.35,2020,10
Brooklyn,2020-11-01,268.69,2020,11
Brooklyn,2020-12-01,299.69,2020,12
Brooklyn,2021-01-01,227.35,2021,1
Brooklyn,2021-02-01,330.69,2021,2
Brooklyn,2020-01-01,124.01,2020,1
Brooklyn,2020-02-01,82.67,2020,2
Brooklyn,2020-03-01,124.01,2020,3
Brooklyn,2020-04-01,175.68,2020,4
Brooklyn,2020-05-01,206.68,2020,5
Brooklyn,2020-06-01,227.35,2020,6
Brooklyn,2020-07-01,248.02,2020,7
Brooklyn,2020-08-01,155.01,2020,8
Brooklyn,2020-09-01,82.67,2020,9
Brooklyn,2020-10-01,186.01,2020,10
Brooklyn,2020-11-01,196.35,2020,11
Brooklyn,2020-12-01,217.02,2020,12
Brooklyn,2021-01-01,196.35,2021,1
Brooklyn,2021-02-01,237.68,2021,2
Brooklyn,2020-01-01,382.36,2020,1
Brooklyn,2020-02-01,341.03,2020,2
Brooklyn,2020-03-01,341.03,2020,3
Brooklyn,2020-04-01,330.69,2020,4
Brooklyn,2020-05-01,299.69,2020,5
Brooklyn,2020-06-01,330.69,2020,6
Brooklyn,2020-07-01,310.02,2020,7
Brooklyn,2020-08-01,268.69,2020,8
Brooklyn,2020-09-01,320.36,2020,9
Brooklyn,2020-10-01,258.35,2020,10
Brooklyn,2020-11-01,310.02,2020,11
Brooklyn,2020-12-01,372.03,2020,12
Brooklyn,2021-01-01,454.7,2021,1
Brooklyn,2021-02-01,775.06,2021,2
Brooklyn,2020-01-01,134.34,2020,1
Brooklyn,2020-02-01,134.34,2020,2
Brooklyn,2020-03-01,124.01,2020,3
Brooklyn,2020-04-01,144.68,2020,4
Brooklyn,2020-05-01,124.01,2020,5
Brooklyn,2020-06-01,113.68,2020,6
Brooklyn,2020-07-01,103.34,2020,7
Brooklyn,2020-08-01,124.01,2020,8
Brooklyn,2020-09-01,144.68,2020,9
Brooklyn,2020-10-01,155.01,2020,10
Brooklyn,2020-11-01,155.01,2020,11
Brooklyn,2020-12-01,206.68,2020,12
Brooklyn,2021-01-01,248.02,2021,1
Brooklyn,2021-02-01,299.69,2021,2
Brooklyn,2020-01-01,640.71,2020,1
Brooklyn,2020-02-01,537.37,2020,2
Brooklyn,2020-03-01,506.37,2020,3
Brooklyn,2020-04-01,578.71,2020,4
Brooklyn,2020-05-01,527.04,2020,5
Brooklyn,2020-06-01,568.38,2020,6
Brooklyn,2020-07-01,485.71,2020,7
Brooklyn,2020-08-01,341.03,2020,8
Brooklyn,2020-09-01,382.36,2020,9
Brooklyn,2020-10-01,341.03,2020,10
Brooklyn,2020-11-01,403.03,2020,11
Brooklyn,2020-12-01,361.69,2020,12
Brooklyn,2021-01-01,341.03,2021,1
Brooklyn,2021-02-01,423.7,2021,2
Brooklyn,2020-01-01,475.37,2020,1
Brooklyn,2020-02-01,578.71,2020,2
Brooklyn,2020-03-01,609.71,2020,3
Brooklyn,2020-04-01,857.73,2020,4
Brooklyn,2020-05-01,702.72,2020,5
Brooklyn,2020-06-01,506.37,2020,6
Brooklyn,2020-07-01,248.02,2020,7
Brooklyn,2020-08-01,289.35,2020,8
Brooklyn,2020-09-01,279.02,2020,9
Brooklyn,2020-10-01,268.69,2020,10
Brooklyn,2020-11-01,630.38,2020,11
Brooklyn,2020-12-01,341.03,2020,12
Brooklyn,2021-01-01,289.35,2021,1
Brooklyn,2021-02-01,382.36,2021,2
Brooklyn,2020-01-01,206.68,2020,1
Brooklyn,2020-02-01,155.01,2020,2
Brooklyn,2020-03-01,165.35,2020,3
Brooklyn,2020-04-01,196.35,2020,4
Brooklyn,2020-05-01,165.35,2020,5
Brooklyn,2020-06-01,186.01,2020,6
Brooklyn,2020-07-01,175.68,2020,7
Brooklyn,2020-08-01,165.35,2020,8
Brooklyn,2020-09-01,175.68,2020,9
Brooklyn,2020-10-01,155.01,2020,10
Brooklyn,2020-11-01,124.01,2020,11
Brooklyn,2020-12-01,186.01,2020,12
Brooklyn,2021-01-01,144.68,2021,1
Brooklyn,2021-02-01,186.01,2021,2
Brooklyn,2020-01-01,361.69,2020,1
Brooklyn,2020-02-01,341.03,2020,2
Brooklyn,2020-03-01,289.35,2020,3
Brooklyn,2020-04-01,434.03,2020,4
Brooklyn,2020-05-01,372.03,2020,5
Brooklyn,2020-06-01,330.69,2020,6
Brooklyn,2020-07-01,361.7,2020,7
Brooklyn,2020-08-01,341.03,2020,8
Brooklyn,2020-09-01,299.69,2020,9
Brooklyn,2020-10-01,279.02,2020,10
Brooklyn,2020-11-01,310.02,2020,11
Brooklyn,2020-12-01,289.35,2020,12
Brooklyn,2021-01-01,330.69,2021,1
Brooklyn,2021-02-01,516.71,2021,2
Brooklyn,2020-01-01,423.7,2020,1
Brooklyn,2020-02-01,310.02,2020,2
Brooklyn,2020-03-01,268.69,2020,3
Brooklyn,2020-04-01,310.02,2020,4
Brooklyn,2020-05-01,289.35,2020,5
Brooklyn,2020-06-01,320.36,2020,6
Brooklyn,2020-07-01,372.03,2020,7
Brooklyn,2020-08-01,330.69,2020,8
Brooklyn,2020-09-01,320.36,2020,9
Brooklyn,2020-10-01,144.68,2020,10
Brooklyn,2020-11-01,155.01,2020,11
Brooklyn,2020-12-01,155.01,2020,12
Brooklyn,2021-01-01,175.68,2021,1
Brooklyn,2021-02-01,175.68,2021,2
Brooklyn,2020-06-01,3575.6,2020,6
Brooklyn,2020-07-01,3482.59,2020,7
Brooklyn,2020-08-01,3141.57,2020,8
Brooklyn,2020-09-01,3193.24,2020,9
Brooklyn,2020-10-01,3048.56,2020,10
Brooklyn,2020-11-01,3420.59,2020,11
Brooklyn,2020-12-01,3255.24,2020,12
Brooklyn,2021-01-01,3430.92,2021,1
Brooklyn,2021-02-01,3265.58,2021,2
Manhattan,2020-01-01,15583.82,2020,1
Manhattan,2020-02-01,18704.72,2020,2
Manhattan,2020-03-01,13816.69,2020,3
Manhattan,2020-04-01,13175.98,2020,4
Manhattan,2020-05-01,11956.55,2020,5
Manhattan,2020-06-01,14478.07,2020,6
Manhattan,2020-07-01,15459.82,2020,7
Manhattan,2020-08-01,14457.41,2020,8
Manhattan,2020-09-01,15387.47,2020,9
Manhattan,2020-10-01,14850.1,2020,10
Manhattan,2020-11-01,14540.08,2020,11
Manhattan,2020-11-01,3833.95,2020,11
Bronx,2020-11-01,28677.13,2020,11
Bronx,2020-11-01,1870.47,2020,11
Bronx,2020-12-01,6603.49,2020,12
Bronx,2021-01-01,8401.62,2021,1
Bronx,2021-02-01,9352.36,2021,2
Manhattan,2020-01-01,43.15,2020,1
Manhattan,2020-02-01,36.8,2020,2
Manhattan,2020-03-01,35.53,2020,3
Manhattan,2020-04-01,39.34,2020,4
Manhattan,2020-05-01,35.53,2020,5
Manhattan,2020-06-01,40.61,2020,6
Manhattan,2020-07-01,43.15,2020,7
Manhattan,2020-08-01,36.8,2020,8
Manhattan,2020-09-01,38.07,2020,9
Manhattan,2020-10-01,43.15,2020,10
Manhattan,2020-11-01,33.0,2020,11
Manhattan,2020-12-01,38.07,2020,12
Manhattan,2021-01-01,38.07,2021,1
Manhattan,2021-02-01,40.61,2021,2
Brooklyn,2020-01-01,3368.92,2020,1
Brooklyn,2020-02-01,2728.2,2020,2
Brooklyn,2020-03-01,2655.86,2020,3
Brooklyn,2020-04-01,2945.22,2020,4
Brooklyn,2020-05-01,2996.89,2020,5
Brooklyn,2020-01-01,5642.42,2020,1
Brooklyn,2020-03-01,5828.43,2020,3
Brooklyn,2020-03-01,5456.4,2020,3
Brooklyn,2020-04-01,5456.4,2020,4
Brooklyn,2020-05-01,5456.4,2020,5
Brooklyn,2020-06-01,3389.58,2020,6
Brooklyn,2020-07-01,6014.45,2020,7
Brooklyn,2020-08-01,5828.43,2020,8
Brooklyn,2020-09-01,5642.42,2020,9
Brooklyn,2020-10-01,5456.4,2020,10
Brooklyn,2020-11-01,6014.45,2020,11
Brooklyn,2020-12-01,5456.4,2020,12
Brooklyn,2021-01-01,5642.42,2021,1
Brooklyn,2021-02-01,5456.4,2021,2
Brooklyn,2020-01-01,3926.96,2020,1
Brooklyn,2020-02-01,2635.2,2020,2
Brooklyn,2020-03-01,2635.2,2020,3
Brooklyn,2020-04-01,3007.22,2020,4
Brooklyn,2020-05-01,3275.91,2020,5
Brooklyn,2020-06-01,4030.3,2020,6
Brooklyn,2020-07-01,3534.26,2020,7
Brooklyn,2020-08-01,2697.2,2020,8
Brooklyn,2020-09-01,2686.87,2020,9
Brooklyn,2020-10-01,2552.52,2020,10
Brooklyn,2020-11-01,2790.21,2020,11
Brooklyn,2020-12-01,2593.86,2020,12
Brooklyn,2021-01-01,2790.21,2021,1
Brooklyn,2021-02-01,2810.88,2021,2
Brooklyn,2020-01-01,6892.84,2020,1
Brooklyn,2020-02-01,8701.31,2020,2
Brooklyn,2020-03-01,8432.63,2020,3
Brooklyn,2020-04-01,9011.34,2020,4
Brooklyn,2020-05-01,7140.86,2020,5
Brooklyn,2020-06-01,8484.3,2020,6
Brooklyn,2020-07-01,9652.05,2020,7
Brooklyn,2020-08-01,6355.47,2020,8
Brooklyn,2020-09-01,6768.84,2020,9
Brooklyn,2020-10-01,7399.22,2020,10
Brooklyn,2020-11-01,6603.49,2020,11
Brooklyn,2020-12-01,5611.42,2020,12
Brooklyn,2021-01-01,5652.75,2021,1
Brooklyn,2021-02-01,5487.41,2021,2
Brooklyn,2020-01-01,1405.44,2020,1
Brooklyn,2020-02-01,1560.45,2020,2
Brooklyn,2020-03-01,1333.1,2020,3
Brooklyn,2020-04-01,1291.76,2020,4
Brooklyn,2020-05-01,1219.42,2020,5
Brooklyn,2020-06-01,1374.44,2020,6
Brooklyn,2020-07-01,1157.42,2020,7
Brooklyn,2020-08-01,868.06,2020,8
Brooklyn,2020-09-01,940.4,2020,9
Brooklyn,2020-10-01,837.06,2020,10
Brooklyn,2020-11-01,1012.74,2020,11
Brooklyn,2020-12-01,1157.42,2020,12
Brooklyn,2021-01-01,1064.41,2021,1
Brooklyn,2021-02-01,1746.46,2021,2
Brooklyn,2020-01-01,6861.84,2020,1
Brooklyn,2020-02-01,5787.1,2020,2
Brooklyn,2020-03-01,6076.45,2020,3
Brooklyn,2020-04-01,6954.85,2020,4
Brooklyn,2020-05-01,5807.76,2020,5
Brooklyn,2020-06-01,5425.4,2020,6
Brooklyn,2020-07-01,5838.76,2020,7
Brooklyn,2020-08-01,5105.05,2020,8
Brooklyn,2020-09-01,5394.4,2020,9
Brooklyn,2020-10-01,5094.71,2020,10
Brooklyn,2020-11-01,5725.09,2020,11
Brooklyn,2020-12-01,6035.11,2020,12
Brooklyn,2021-01-01,6086.78,2021,1
Brooklyn,2021-02-01,5714.76,2021,2
Brooklyn,2020-01-01,4174.98,2020,1
Brooklyn,2020-02-01,3906.29,2020,2
Brooklyn,2020-03-01,4174.98,2020,3
Brooklyn,2020-04-01,4174.98,2020,4
Brooklyn,2020-05-01,3906.29,2020,5
Brooklyn,2020-06-01,4174.98,2020,6
Brooklyn,2020-07-01,4309.32,2020,7
Brooklyn,2020-08-01,4174.98,2020,8
Brooklyn,2020-09-01,4040.63,2020,9
Brooklyn,2020-10-01,3906.29,2020,10
Brooklyn,2020-11-01,4309.32,2020,11
Brooklyn,2020-12-01,3906.29,2020,12
Brooklyn,2021-01-01,4040.63,2021,1
Brooklyn,2021-02-01,3906.29,2021,2
Brooklyn,2020-01-01,3441.26,2020,1
Brooklyn,2020-02-01,2996.89,2020,2
Brooklyn,2020-03-01,2655.86,2020,3
Brooklyn,2020-04-01,2945.22,2020,4
Brooklyn,2020-05-01,2924.55,2020,5
Brooklyn,2020-06-01,4195.64,2020,6
Brooklyn,2020-07-01,5136.05,2020,7
Brooklyn,2020-08-01,3627.27,2020,8
Brooklyn,2020-09-01,3647.94,2020,9
Brooklyn,2020-10-01,3792.61,2020,10
Brooklyn,2020-11-01,4360.99,2020,11
Brooklyn,2020-12-01,3544.6,2020,12
Brooklyn,2021-01-01,3678.94,2021,1
Brooklyn,2021-02-01,4112.97,2021,2
Brooklyn,2020-01-01,3234.57,2020,1
Brooklyn,2020-02-01,2686.87,2020,2
Brooklyn,2020-03-01,2645.53,2020,3
Brooklyn,2020-04-01,3203.57,2020,4
Brooklyn,2020-05-01,2996.89,2020,5
Brooklyn,2020-06-01,3317.25,2020,6
Brooklyn,2020-07-01,3379.26,2020,7
Brooklyn,2020-08-01,3523.93,2020,8
Brooklyn,2020-09-01,3182.9,2020,9
Brooklyn,2020-10-01,3234.57,2020,10
Brooklyn,2020-11-01,3048.56,2020,11
Brooklyn,2020-12-01,3503.26,2020,12
Brooklyn,2021-01-01,3606.6,2021,1
Brooklyn,2021-02-01,3430.92,2021,2
Bronx,2020-01-01,6055.78,2020,1
Bronx,2020-02-01,5497.74,2020,2
Bronx,2020-03-01,4753.69,2020,3
Bronx,2020-04-01,5838.77,2020,4
Bronx,2020-05-01,5043.04,2020,5
Bronx,2020-06-01,6448.48,2020,6
Bronx,2020-07-01,6334.8,2020,7
Bronx,2020-08-01,6076.45,2020,8
Bronx,2020-09-01,6396.81,2020,9
Bronx,2020-10-01,5952.44,2020,10
Bronx,2020-11-01,5704.42,2020,11
Bronx,2020-12-01,5756.09,2020,12
Bronx,2021-01-01,6252.13,2021,1
Bronx,2021-02-01,5942.11,2021,2
Bronx,2020-01-01,4205.98,2020,1
Bronx,2020-02-01,3296.58,2020,2
Bronx,2020-03-01,3627.27,2020,3
Bronx,2020-04-01,4019.96,2020,4
Bronx,2020-05-01,3286.24,2020,5
Bronx,2020-06-01,3430.92,2020,6
Bronx,2020-07-01,3348.25,2020,7
Bronx,2020-08-01,2728.2,2020,8
Bronx,2020-09-01,2759.2,2020,9
Bronx,2020-10-01,3317.25,2020,10
Bronx,2020-11-01,3244.91,2020,11
Bronx,2020-12-01,3193.24,2020,12
Bronx,2021-01-01,3306.91,2021,1
Bronx,2021-02-01,3854.62,2021,2
Brooklyn,2020-01-01,38.07,2020,1
Brooklyn,2020-03-01,39.34,2020,3
Brooklyn,2020-03-01,36.8,2020,3
Brooklyn,2020-04-01,36.8,2020,4
Brooklyn,2020-05-01,36.8,2020,5
Brooklyn,2020-06-01,22.84,2020,6
Brooklyn,2020-07-01,40.61,2020,7
Brooklyn,2020-08-01,39.34,2020,8
Brooklyn,2020-09-01,38.07,2020,9
Brooklyn,2020-10-01,36.8,2020,10
Brooklyn,2020-11-01,40.61,2020,11
Brooklyn,2020-12-01,36.8,2020,12
Brooklyn,2021-01-01,38.07,2021,1
Brooklyn,2021-02-01,36.8,2021,2
Queens,2020-01-01,12783.28,2020,1
Queens,2020-02-01,11160.83,2020,2
Queens,2020-03-01,10230.76,2020,3
Queens,2020-04-01,9269.69,2020,4
Queens,2020-05-01,9538.37,2020,5
Queens,2020-06-01,9352.36,2020,6
Queens,2020-07-01,9156.01,2020,7
Queens,2020-08-01,8360.29,2020,8
Queens,2020-09-01,8267.28,2020,9
Queens,2020-10-01,8504.96,2020,10
Queens,2020-11-01,8556.63,2020,11
Queens,2020-12-01,8659.98,2020,12
Queens,2021-01-01,8670.31,2021,1
Queens,2021-02-01,9228.35,2021,2
Manhattan,2020-11-01,25494.22,2020,11
Manhattan,2020-11-01,16100.53,2020,11
Manhattan,2020-01-01,6221.13,2020,1
Manhattan,2020-01-01,5043.04,2020,1
Manhattan,2020-02-01,4764.02,2020,2
Manhattan,2020-02-01,3957.96,2020,2
Manhattan,2020-03-01,4536.67,2020,3
Manhattan,2020-03-01,4195.64,2020,3
Manhattan,2020-04-01,5229.05,2020,4
Manhattan,2020-04-01,5156.72,2020,4
Manhattan,2020-05-01,5105.05,2020,5
Manhattan,2020-05-01,5446.07,2020,5
Manhattan,2020-06-01,5487.41,2020,6
Manhattan,2020-06-01,6551.82,2020,6
Manhattan,2020-07-01,5931.77,2020,7
Manhattan,2020-07-01,7905.59,2020,7
Manhattan,2020-08-01,4929.37,2020,8
Manhattan,2020-08-01,6283.13,2020,8
Manhattan,2020-09-01,4898.36,2020,9
Manhattan,2020-09-01,6396.81,2020,9
Manhattan,2020-10-01,5260.06,2020,10
Manhattan,2020-10-01,5942.11,2020,10
Manhattan,2020-11-01,5074.04,2020,11
Manhattan,2020-11-01,6851.51,2020,11
Manhattan,2020-12-01,5353.06,2020,12
Manhattan,2020-12-01,6934.18,2020,12
Manhattan,2021-01-01,5311.73,2021,1
Manhattan,2021-01-01,5962.78,2021,1
Manhattan,2021-02-01,6810.17,2021,2
Manhattan,2021-02-01,7006.52,2021,2
Manhattan,2020-01-01,8401.62,2020,1
Manhattan,2020-02-01,7058.19,2020,2
Manhattan,2020-03-01,8949.33,2020,3
Manhattan,2020-04-01,8504.96,2020,4
Manhattan,2020-05-01,7326.88,2020,5
Manhattan,2020-06-01,8701.31,2020,6
Manhattan,2020-07-01,10458.11,2020,7
Manhattan,2020-08-01,7326.88,2020,8
Manhattan,2020-09-01,6851.51,2020,9
Manhattan,2020-10-01,6004.11,2020,10
Manhattan,2020-11-01,6365.81,2020,11
Manhattan,2020-12-01,7182.2,2020,12
Manhattan,2021-01-01,7295.87,2021,1
Manhattan,2021-02-01,6892.84,2021,2
Manhattan,2020-01-01,8525.63,2020,1
Manhattan,2020-02-01,7440.55,2020,2
Manhattan,2020-03-01,9145.68,2020,3
Manhattan,2020-04-01,10396.1,2020,4
Manhattan,2020-05-01,7936.59,2020,5
Manhattan,2020-06-01,8287.95,2020,6
Manhattan,2020-07-01,10179.09,2020,7
Manhattan,2020-08-01,8711.65,2020,8
Manhattan,2020-09-01,8473.96,2020,9
Manhattan,2020-10-01,7409.55,2020,10
Manhattan,2020-11-01,7140.86,2020,11
Manhattan,2020-12-01,6820.51,2020,12
Manhattan,2021-01-01,8318.95,2021,1
Manhattan,2021-02-01,8835.66,2021,2
Manhattan,2020-01-01,3255.24,2020,1
Manhattan,2020-02-01,3172.57,2020,2
Manhattan,2020-03-01,3492.93,2020,3
Manhattan,2020-04-01,4722.68,2020,4
Manhattan,2020-05-01,3720.28,2020,5
Manhattan,2020-06-01,4102.64,2020,6
Manhattan,2020-07-01,4319.65,2020,7
Manhattan,2020-08-01,3947.63,2020,8
Manhattan,2020-09-01,4174.98,2020,9
Manhattan,2020-10-01,3771.95,2020,10
Manhattan,2020-11-01,3038.23,2020,11
Manhattan,2020-12-01,2893.55,2020,12
Manhattan,2021-01-01,3151.9,2021,1
Manhattan,2021-02-01,4112.97,2021,2
Manhattan,2020-01-01,9672.72,2020,1
Manhattan,2020-02-01,7533.56,2020,2
Manhattan,2020-03-01,7657.57,2020,3
Manhattan,2020-04-01,10385.77,2020,4
Manhattan,2020-05-01,10168.75,2020,5
Manhattan,2020-06-01,10726.8,2020,6
Manhattan,2020-07-01,10075.74,2020,7
Manhattan,2020-08-01,9331.69,2020,8
Manhattan,2020-09-01,10427.11,2020,9
Manhattan,2020-10-01,7833.25,2020,10
Manhattan,2020-11-01,9569.38,2020,11
Manhattan,2020-12-01,9197.35,2020,12
Manhattan,2021-01-01,8318.95,2021,1
Manhattan,2021-02-01,8949.33,2021,2
Manhattan,2020-01-01,1188.42,2020,1
Manhattan,2020-02-01,1198.76,2020,2
Manhattan,2020-03-01,1415.77,2020,3
Manhattan,2020-04-01,1384.77,2020,4
Manhattan,2020-05-01,1271.09,2020,5
Manhattan,2020-06-01,888.73,2020,6
Manhattan,2020-07-01,868.07,2020,7
Manhattan,2020-08-01,837.06,2020,8
Manhattan,2020-09-01,868.06,2020,9
Manhattan,2020-10-01,1012.74,2020,10
Manhattan,2020-11-01,950.74,2020,11
Manhattan,2020-11-01,206.68,2020,11
Brooklyn,2020-01-01,6148.79,2020,1
Brooklyn,2020-01-01,4257.65,2020,1
Brooklyn,2020-01-01,13682.35,2020,1
Brooklyn,2020-02-01,12493.93,2020,2
Brooklyn,2020-03-01,14033.71,2020,3
Brooklyn,2020-04-01,15552.82,2020,4
Brooklyn,2020-05-01,12555.93,2020,5
Brooklyn,2020-06-01,8339.62,2020,6
Brooklyn,2020-07-01,7016.85,2020,7
Brooklyn,2020-08-01,6014.45,2020,8
Brooklyn,2020-10-01,6458.81,2020,10
Brooklyn,2020-11-01,13889.03,2020,11
Brooklyn,2020-12-01,19521.11,2020,12
Brooklyn,2021-01-01,20017.15,2021,1
Bronx,2020-01-01,155.01,2020,1
Bronx,2020-02-01,124.01,2020,2
Bronx,2020-03-01,72.34,2020,3
Bronx,2020-04-01,39.34,2020,4
Bronx,2020-05-01,35.53,2020,5
Bronx,2020-06-01,40.61,2020,6
Bronx,2020-07-01,43.15,2020,7
Bronx,2020-08-01,62.0,2020,8
Bronx,2020-09-01,51.67,2020,9
Bronx,2020-10-01,62.0,2020,10
Bronx,2020-11-01,62.0,2020,11
Bronx,2020-12-01,62.0,2020,12
Bronx,2021-02-01,40.61,2021,2
Bronx,2021-01-01,51.67,2021,1
Manhattan,2020-11-01,8236.28,2020,11
Manhattan,2020-11-01,9094.01,2020,11
Bronx,2020-01-01,116.76,2020,1
Bronx,2020-04-01,111.68,2020,4
Bronx,2020-07-01,119.3,2020,7
Bronx,2020-09-01,64.72,2020,9
Bronx,2020-10-01,36.8,2020,10
Bronx,2020-11-01,40.61,2020,11
Bronx,2020-12-01,36.8,2020,12
Bronx,2021-01-01,38.07,2021,1
Bronx,2021-02-01,36.8,2021,2
Queens,2020-03-01,114.22,2020,3
Queens,2020-06-01,116.76,2020,6
Queens,2020-09-01,115.49,2020,9
Queens,2020-11-01,78.68,2020,11
Queens,2020-12-01,38.07,2020,12
Queens,2021-01-01,36.8,2021,1
Queens,2020-01-01,38.07,2020,1
Queens,2020-03-01,39.34,2020,3
Queens,2020-03-01,36.8,2020,3
Queens,2020-04-01,36.8,2020,4
Queens,2020-05-01,36.8,2020,5
Queens,2020-06-01,22.84,2020,6
Queens,2020-07-01,40.61,2020,7
Queens,2020-08-01,39.34,2020,8
Queens,2020-09-01,38.07,2020,9
Queens,2020-10-01,36.8,2020,10
Queens,2020-11-01,40.61,2020,11
Queens,2020-12-01,36.8,2020,12
Queens,2021-01-01,38.07,2021,1
Queens,2021-02-01,36.8,2021,2
Queens,2020-01-01,38.07,2020,1
Queens,2020-03-01,39.34,2020,3
Queens,2020-03-01,36.8,2020,3
Queens,2020-04-01,36.8,2020,4
Queens,2020-05-01,36.8,2020,5
Queens,2020-06-01,22.84,2020,6
Queens,2020-07-01,40.61,2020,7
Queens,2020-08-01,39.34,2020,8
Queens,2020-09-01,38.07,2020,9
Queens,2020-10-01,36.8,2020,10
Queens,2020-11-01,40.61,2020,11
Queens,2020-12-01,36.8,2020,12
Queens,2021-01-01,38.07,2021,1
Queens,2021-02-01,36.8,2021,2
Queens,2020-01-01,38.07,2020,1
Queens,2020-03-01,39.34,2020,3
Queens,2020-03-01,36.8,2020,3
Queens,2020-04-01,36.8,2020,4
Queens,2020-05-01,36.8,2020,5
Queens,2020-06-01,22.84,2020,6
Queens,2020-07-01,40.61,2020,7
Queens,2020-08-01,39.34,2020,8
Queens,2020-09-01,38.07,2020,9
Queens,2020-10-01,36.8,2020,10
Queens,2020-11-01,40.61,2020,11
Queens,2020-12-01,36.8,2020,12
Queens,2021-01-01,38.07,2021,1
Queens,2021-02-01,36.8,2021,2
Brooklyn,2020-01-01,2128.82,2020,1
Brooklyn,2020-04-01,2583.53,2020,4
Brooklyn,2020-07-01,2438.85,2020,7
Brooklyn,2020-09-01,1291.76,2020,9
Brooklyn,2020-10-01,888.73,2020,10
Brooklyn,2020-11-01,1033.41,2020,11
Brooklyn,2020-12-01,1054.08,2020,12
Brooklyn,2021-01-01,1054.08,2021,1
Brooklyn,2021-02-01,1105.75,2021,2
Brooklyn,2020-01-01,9269.69,2020,1
Brooklyn,2020-04-01,11078.16,2020,4
Brooklyn,2020-07-01,9393.69,2020,7
Brooklyn,2020-09-01,4185.31,2020,9
Brooklyn,2020-10-01,2769.54,2020,10
Brooklyn,2020-11-01,3916.62,2020,11
Brooklyn,2020-12-01,5136.05,2020,12
Brooklyn,2021-01-01,5198.05,2021,1
Brooklyn,2021-02-01,4578.01,2021,2
Manhattan,2020-01-01,165.35,2020,1
Manhattan,2020-02-01,165.35,2020,2
Manhattan,2020-03-01,144.68,2020,3
Manhattan,2020-04-01,72.34,2020,4
Manhattan,2020-05-01,51.67,2020,5
Manhattan,2020-06-01,40.61,2020,6
Manhattan,2020-07-01,72.33,2020,7
Manhattan,2020-08-01,330.69,2020,8
Manhattan,2020-09-01,38.07,2020,9
Manhattan,2020-10-01,72.34,2020,10
Manhattan,2020-11-01,62.0,2020,11
Manhattan,2020-12-01,82.67,2020,12
Manhattan,2021-01-01,103.34,2021,1
Manhattan,2021-02-01,124.01,2021,2
Queens,2020-01-01,14540.08,2020,1
Queens,2020-02-01,12783.28,2020,2
Queens,2020-03-01,11491.52,2020,3
Queens,2020-04-01,11419.18,2020,4
Queens,2020-05-01,10261.76,2020,5
Queens,2020-06-01,10830.14,2020,6
Queens,2020-07-01,10695.79,2020,7
Queens,2020-08-01,8194.94,2020,8
Queens,2020-09-01,9001.0,2020,9
Queens,2020-10-01,8101.93,2020,10
Queens,2020-11-01,8680.64,2020,11
Queens,2020-12-01,8442.96,2020,12
Queens,2021-01-01,9063.01,2021,1
Queens,2021-02-01,11181.5,2021,2
Queens,2020-01-01,3730.61,2020,1
Queens,2020-03-01,3854.62,2020,3
Queens,2020-03-01,3606.6,2020,3
Queens,2020-04-01,3606.6,2020,4
Queens,2020-05-01,3606.6,2020,5
Queens,2020-06-01,2242.5,2020,6
Queens,2020-07-01,3978.63,2020,7
Queens,2020-08-01,3854.62,2020,8
Queens,2020-09-01,3730.61,2020,9
Queens,2020-10-01,3606.6,2020,10
Queens,2020-11-01,3978.63,2020,11
Queens,2020-12-01,3606.6,2020,12
Queens,2021-01-01,3730.61,2021,1
Queens,2021-02-01,3606.6,2021,2
Brooklyn,2020-01-01,43.15,2020,1
Brooklyn,2020-02-01,36.8,2020,2
Brooklyn,2020-03-01,35.53,2020,3
Brooklyn,2020-04-01,39.34,2020,4
Brooklyn,2020-05-01,35.53,2020,5
Brooklyn,2020-06-01,40.61,2020,6
Brooklyn,2020-07-01,43.15,2020,7
Brooklyn,2020-08-01,36.8,2020,8
Brooklyn,2020-09-01,38.07,2020,9
Brooklyn,2020-10-01,36.8,2020,10
Brooklyn,2020-11-01,39.34,2020,11
Brooklyn,2020-12-01,38.07,2020,12
Brooklyn,2021-01-01,38.07,2021,1
Brooklyn,2021-02-01,40.61,2021,2
Brooklyn,2020-01-01,5187.72,2020,1
Brooklyn,2020-02-01,4205.98,2020,2
Brooklyn,2020-03-01,4071.64,2020,3
Brooklyn,2020-04-01,5477.07,2020,4
Brooklyn,2020-05-01,5642.42,2020,5
Brooklyn,2020-06-01,5694.09,2020,6
Brooklyn,2020-07-01,6262.46,2020,7
Brooklyn,2020-08-01,5239.39,2020,8
Brooklyn,2020-09-01,4753.69,2020,9
Brooklyn,2020-10-01,5694.09,2020,10
Brooklyn,2020-11-01,6448.48,2020,11
Brooklyn,2020-12-01,6107.45,2020,12
Brooklyn,2021-01-01,6510.48,2021,1
Brooklyn,2021-02-01,5745.76,2021,2
Brooklyn,2020-01-01,2531.85,2020,1
Brooklyn,2020-02-01,2366.51,2020,2
Brooklyn,2020-03-01,2531.85,2020,3
Brooklyn,2020-04-01,2531.85,2020,4
Brooklyn,2020-05-01,2366.51,2020,5
Brooklyn,2020-06-01,2531.85,2020,6
Brooklyn,2020-07-01,2604.19,2020,7
Brooklyn,2020-08-01,2531.85,2020,8
Brooklyn,2020-09-01,2449.18,2020,9
Brooklyn,2020-10-01,2366.51,2020,10
Brooklyn,2020-11-01,2614.53,2020,11
Brooklyn,2020-12-01,2366.51,2020,12
Brooklyn,2021-01-01,2449.18,2021,1
Brooklyn,2021-02-01,2366.51,2021,2
Brooklyn,2020-01-01,1333.1,2020,1
Brooklyn,2020-02-01,1250.43,2020,2
Brooklyn,2020-03-01,1333.1,2020,3
Brooklyn,2020-04-01,1333.1,2020,4
Brooklyn,2020-05-01,1250.43,2020,5
Brooklyn,2020-06-01,1333.1,2020,6
Brooklyn,2020-07-01,1374.43,2020,7
Brooklyn,2020-08-01,1333.1,2020,8
Brooklyn,2020-09-01,1291.76,2020,9
Brooklyn,2020-10-01,1250.43,2020,10
Brooklyn,2020-11-01,1374.44,2020,11
Brooklyn,2020-12-01,1250.43,2020,12
Brooklyn,2021-01-01,1291.76,2021,1
Brooklyn,2021-02-01,1250.43,2021,2
Brooklyn,2020-01-01,1901.47,2020,1
Brooklyn,2020-02-01,1767.13,2020,2
Brooklyn,2020-03-01,1870.47,2020,3
Brooklyn,2020-04-01,1984.15,2020,4
Brooklyn,2020-05-01,1860.14,2020,5
Brooklyn,2020-06-01,2335.51,2020,6
Brooklyn,2020-07-01,2893.55,2020,7
Brooklyn,2020-08-01,2097.82,2020,8
Brooklyn,2020-09-01,2004.82,2020,9
Brooklyn,2020-10-01,1870.47,2020,10
Brooklyn,2020-11-01,2283.84,2020,11
Brooklyn,2020-12-01,2221.83,2020,12
Brooklyn,2021-01-01,2015.15,2021,1
Brooklyn,2021-02-01,2397.51,2021,2
Brooklyn,2020-01-01,55.84,2020,1
Brooklyn,2020-02-01,36.8,2020,2
Brooklyn,2020-03-01,35.53,2020,3
Brooklyn,2020-04-01,41.88,2020,4
Brooklyn,2020-05-01,36.8,2020,5
Brooklyn,2020-06-01,39.34,2020,6
Brooklyn,2020-07-01,40.61,2020,7
Brooklyn,2020-08-01,39.34,2020,8
Brooklyn,2020-09-01,38.07,2020,9
Brooklyn,2020-10-01,36.8,2020,10
Brooklyn,2020-11-01,40.61,2020,11
Brooklyn,2020-12-01,36.8,2020,12
Brooklyn,2021-01-01,38.07,2021,1
Brooklyn,2021-02-01,36.8,2021,2
Brooklyn,2020-01-01,341.03,2020,1
Brooklyn,2020-02-01,351.36,2020,2
Brooklyn,2020-03-01,330.69,2020,3
Brooklyn,2020-04-01,330.69,2020,4
Brooklyn,2020-05-01,330.69,2020,5
Brooklyn,2020-06-01,206.68,2020,6
Brooklyn,2020-07-01,351.35,2020,7
Brooklyn,2020-08-01,351.36,2020,8
Brooklyn,2020-09-01,341.03,2020,9
Brooklyn,2020-10-01,330.69,2020,10
Brooklyn,2020-11-01,361.69,2020,11
Brooklyn,2020-12-01,330.69,2020,12
Brooklyn,2021-01-01,341.03,2021,1
Brooklyn,2021-02-01,330.69,2021,2
Queens,2020-01-01,723.39,2020,1
Queens,2020-02-01,537.37,2020,2
Queens,2020-03-01,547.71,2020,3
Queens,2020-04-01,640.71,2020,4
Queens,2020-05-01,609.71,2020,5
Queens,2020-06-01,558.04,2020,6
Queens,2020-07-01,713.05,2020,7
Queens,2020-08-01,640.71,2020,8
Queens,2020-09-01,589.04,2020,9
Queens,2020-10-01,909.4,2020,10
Queens,2020-11-01,692.38,2020,11
Queens,2020-12-01,558.04,2020,12
Queens,2021-01-01,671.72,2021,1
Queens,2021-02-01,713.05,2021,2
Manhattan,2020-01-01,14560.75,2020,1
Manhattan,2020-02-01,13661.68,2020,2
Manhattan,2020-03-01,14591.75,2020,3
Manhattan,2020-04-01,14591.75,2020,4
Manhattan,2020-05-01,13630.68,2020,5
Manhattan,2020-06-01,14560.75,2020,6
Manhattan,2020-07-01,15025.79,2020,7
Manhattan,2020-08-01,14591.75,2020,8
Manhattan,2020-09-01,14126.71,2020,9
Manhattan,2020-10-01,13651.35,2020,10
Manhattan,2020-11-01,15056.78,2020,11
Manhattan,2020-12-01,13641.01,2020,12
Manhattan,2021-01-01,14116.38,2021,1
Manhattan,2021-02-01,13651.35,2021,2
Manhattan,2020-11-01,8649.64,2020,11
Manhattan,2020-11-01,465.03,2020,11
Manhattan,2020-12-01,2841.88,2020,12
Manhattan,2021-01-01,2614.53,2021,1
Manhattan,2021-02-01,3017.56,2021,2
Brooklyn,2020-01-01,43.15,2020,1
Brooklyn,2020-01-01,45366.7,2020,1
Brooklyn,2020-02-01,42452.48,2020,2
Brooklyn,2020-02-01,36.8,2020,2
Brooklyn,2020-03-01,45397.7,2020,3
Brooklyn,2020-03-01,35.53,2020,3
Brooklyn,2020-04-01,39.34,2020,4
Brooklyn,2020-04-01,45408.04,2020,4
Brooklyn,2020-05-01,62.0,2020,5
Brooklyn,2020-05-01,42473.15,2020,5
Brooklyn,2020-06-01,40.61,2020,6
Brooklyn,2020-06-01,45408.04,2020,6
Brooklyn,2020-07-01,43.15,2020,7
Brooklyn,2020-07-01,46854.81,2020,7
Brooklyn,2020-08-01,36.8,2020,8
Brooklyn,2020-08-01,45397.7,2020,8
Brooklyn,2020-09-01,38.07,2020,9
Brooklyn,2020-09-01,43930.26,2020,9
Brooklyn,2020-10-01,36.8,2020,10
Brooklyn,2020-10-01,42452.48,2020,10
Brooklyn,2020-11-01,40.61,2020,11
Brooklyn,2020-11-01,46854.81,2020,11
Brooklyn,2020-12-01,93.01,2020,12
Brooklyn,2020-12-01,42462.82,2020,12
Brooklyn,2021-01-01,38.07,2021,1
Brooklyn,2021-01-01,43930.26,2021,1
Brooklyn,2021-02-01,1384.77,2021,2
Brooklyn,2021-02-01,42462.82,2021,2
Manhattan,2020-01-01,537.37,2020,1
Manhattan,2020-02-01,423.7,2020,2
Manhattan,2020-03-01,454.7,2020,3
Manhattan,2020-04-01,589.04,2020,4
Manhattan,2020-05-01,568.38,2020,5
Manhattan,2020-06-01,558.04,2020,6
Manhattan,2020-07-01,723.39,2020,7
Manhattan,2020-08-01,620.05,2020,8
Manhattan,2020-09-01,578.71,2020,9
Manhattan,2020-10-01,599.38,2020,10
Manhattan,2020-11-01,589.04,2020,11
Manhattan,2020-12-01,537.37,2020,12
Manhattan,2021-01-01,558.04,2021,1
Manhattan,2021-02-01,196.35,2021,2
Manhattan,2020-01-01,2759.2,2020,1
Manhattan,2020-02-01,2242.5,2020,2
Manhattan,2020-03-01,2304.5,2020,3
Manhattan,2020-04-01,2821.21,2020,4
Manhattan,2020-05-01,3110.56,2020,5
Manhattan,2020-06-01,5549.41,2020,6
Manhattan,2020-07-01,9352.36,2020,7
Manhattan,2020-08-01,8019.26,2020,8
Manhattan,2020-09-01,6779.17,2020,9
Manhattan,2020-10-01,4495.33,2020,10
Manhattan,2020-11-01,4050.97,2020,11
Manhattan,2020-12-01,3379.25,2020,12
Manhattan,2021-01-01,2872.88,2021,1
Manhattan,2021-02-01,2976.22,2021,2
Manhattan,2020-04-01,10189.42,2020,4
Manhattan,2020-05-01,878.4,2020,5
Manhattan,2020-06-01,3079.56,2020,6
Manhattan,2020-07-01,3213.9,2020,7
Manhattan,2020-08-01,4174.98,2020,8
Manhattan,2020-09-01,4143.97,2020,9
Manhattan,2020-10-01,3668.61,2020,10
Manhattan,2020-11-01,4133.64,2020,11
Manhattan,2020-12-01,4278.32,2020,12
Manhattan,2021-01-01,4350.66,2021,1
Manhattan,2021-02-01,5063.71,2021,2
Manhattan,2020-01-01,3317.25,2020,1
Manhattan,2020-02-01,2118.49,2020,2
Manhattan,2020-03-01,1756.8,2020,3
Manhattan,2020-04-01,2025.48,2020,4
Manhattan,2020-05-01,2397.51,2020,5
Manhattan,2020-06-01,2035.82,2020,6
Manhattan,2020-07-01,2149.5,2020,7
Manhattan,2020-08-01,1911.81,2020,8
Manhattan,2020-09-01,3968.29,2020,9
Manhattan,2020-10-01,2066.82,2020,10
Manhattan,2020-11-01,2035.82,2020,11
Manhattan,2020-12-01,1663.79,2020,12
Manhattan,2021-01-01,1684.46,2021,1
Manhattan,2021-02-01,1839.47,2021,2
Manhattan,2020-01-01,2666.2,2020,1
Manhattan,2020-02-01,2056.49,2020,2
Manhattan,2020-03-01,2170.16,2020,3
Manhattan,2020-04-01,2304.5,2020,4
Manhattan,2020-05-01,2356.17,2020,5
Manhattan,2020-06-01,2356.17,2020,6
Manhattan,2020-07-01,2459.52,2020,7
Manhattan,2020-08-01,2428.51,2020,8
Manhattan,2020-09-01,2366.51,2020,9
Manhattan,2020-10-01,2283.84,2020,10
Manhattan,2020-11-01,2469.85,2020,11
Manhattan,2020-12-01,2232.17,2020,12
Manhattan,2021-01-01,2294.17,2021,1
Manhattan,2021-02-01,2242.5,2021,2
Manhattan,2020-01-01,4340.32,2020,1
Manhattan,2020-02-01,3854.62,2020,2
Manhattan,2020-03-01,3771.95,2020,3
Manhattan,2020-04-01,4774.35,2020,4
Manhattan,2020-05-01,4216.31,2020,5
Manhattan,2020-06-01,4578.01,2020,6
Manhattan,2020-07-01,4102.64,2020,7
Manhattan,2020-08-01,2511.19,2020,8
Manhattan,2020-09-01,2748.87,2020,9
Manhattan,2020-10-01,3637.6,2020,10
Manhattan,2020-11-01,4340.32,2020,11
Manhattan,2020-12-01,3678.94,2020,12
Manhattan,2021-01-01,3802.95,2021,1
Manhattan,2021-02-01,3658.27,2021,2
Manhattan,2020-01-01,2387.18,2020,1
Manhattan,2020-02-01,2242.5,2020,2
Manhattan,2020-03-01,2397.51,2020,3
Manhattan,2020-04-01,2397.51,2020,4
Manhattan,2020-05-01,2252.83,2020,5
Manhattan,2020-06-01,2397.51,2020,6
Manhattan,2020-07-01,2469.85,2020,7
Manhattan,2020-08-01,2397.51,2020,8
Manhattan,2020-09-01,2325.17,2020,9
Manhattan,2020-10-01,2252.83,2020,10
Manhattan,2020-11-01,2480.18,2020,11
Manhattan,2020-12-01,2252.83,2020,12
Manhattan,2021-01-01,2325.17,2021,1
Manhattan,2021-02-01,2252.83,2021,2
Manhattan,2020-01-01,1085.08,2020,1
Manhattan,2020-02-01,1105.75,2020,2
Manhattan,2020-03-01,1167.75,2020,3
Manhattan,2020-04-01,1529.45,2020,4
Manhattan,2020-05-01,1508.78,2020,5
Manhattan,2020-06-01,1519.11,2020,6
Manhattan,2020-07-01,1829.14,2020,7
Manhattan,2020-08-01,1539.78,2020,8
Manhattan,2020-09-01,1529.45,2020,9
Manhattan,2020-10-01,1519.11,2020,10
Manhattan,2020-11-01,1891.14,2020,11
Manhattan,2020-12-01,2387.18,2020,12
Manhattan,2021-01-01,1942.81,2021,1
Manhattan,2021-02-01,1798.13,2021,2
Manhattan,2020-01-01,2469.85,2020,1
Manhattan,2020-01-01,2201.16,2020,1
Manhattan,2020-01-01,2655.86,2020,1
Manhattan,2020-02-01,2087.49,2020,2
Manhattan,2020-02-01,1818.8,2020,2
Manhattan,2020-02-01,2490.52,2020,2
Manhattan,2020-03-01,1663.79,2020,3
Manhattan,2020-03-01,1736.13,2020,3
Manhattan,2020-03-01,2831.54,2020,3
Manhattan,2020-04-01,1715.46,2020,4
Manhattan,2020-04-01,1994.48,2020,4
Manhattan,2020-04-01,2345.84,2020,4
Manhattan,2020-05-01,2066.82,2020,5
Manhattan,2020-05-01,1798.13,2020,5
Manhattan,2020-05-01,2201.16,2020,5
Manhattan,2020-06-01,2201.16,2020,6
Manhattan,2020-06-01,2118.49,2020,6
Manhattan,2020-06-01,2294.17,2020,6
Manhattan,2020-07-01,2800.54,2020,7
Manhattan,2020-07-01,1870.47,2020,7
Manhattan,2020-07-01,2128.83,2020,7
Manhattan,2020-08-01,2283.84,2020,8
Manhattan,2020-08-01,1591.45,2020,8
Manhattan,2020-08-01,2170.16,2020,8
Manhattan,2020-09-01,2273.5,2020,9
Manhattan,2020-09-01,1922.14,2020,9
Manhattan,2020-09-01,1798.13,2020,9
Manhattan,2020-10-01,2283.84,2020,10
Manhattan,2020-10-01,2108.16,2020,10
Manhattan,2020-10-01,1653.46,2020,10
Manhattan,2020-11-01,2686.87,2020,11
Manhattan,2020-11-01,2604.19,2020,11
Manhattan,2020-11-01,1643.12,2020,11
Manhattan,2020-12-01,2521.52,2020,12
Manhattan,2020-12-01,2428.51,2020,12
Manhattan,2020-12-01,1829.14,2020,12
Manhattan,2021-01-01,2387.18,2021,1
Manhattan,2021-01-01,2449.18,2021,1
Manhattan,2021-01-01,1901.47,2021,1
Manhattan,2021-02-01,2387.18,2021,2
Manhattan,2021-02-01,3513.59,2021,2
Manhattan,2021-02-01,2717.87,2021,2
Manhattan,2020-01-01,1374.44,2020,1
Manhattan,2020-02-01,1291.76,2020,2
Manhattan,2020-03-01,1374.44,2020,3
Manhattan,2020-04-01,1374.44,2020,4
Manhattan,2020-05-01,1291.76,2020,5
Manhattan,2020-06-01,1374.44,2020,6
Manhattan,2020-07-01,1415.77,2020,7
Manhattan,2020-08-01,1374.44,2020,8
Manhattan,2020-09-01,1333.1,2020,9
Manhattan,2020-10-01,1291.76,2020,10
Manhattan,2020-11-01,1426.11,2020,11
Manhattan,2020-12-01,1291.76,2020,12
Manhattan,2021-01-01,1333.1,2021,1
Manhattan,2021-02-01,1291.76,2021,2
Manhattan,2020-01-01,2190.83,2020,1
Manhattan,2020-02-01,3658.27,2020,2
Manhattan,2020-03-01,3875.29,2020,3
Manhattan,2020-04-01,4371.32,2020,4
Manhattan,2020-05-01,3999.3,2020,5
Manhattan,2020-06-01,4919.03,2020,6
Manhattan,2020-07-01,5022.37,2020,7
Manhattan,2020-08-01,4133.64,2020,8
Manhattan,2020-09-01,4412.66,2020,9
Manhattan,2020-10-01,4319.65,2020,10
Manhattan,2020-11-01,4970.7,2020,11
Manhattan,2020-12-01,4826.02,2020,12
Manhattan,2021-01-01,4764.02,2021,1
Manhattan,2021-02-01,3895.96,2021,2
Manhattan,2020-01-01,692.38,2020,1
Manhattan,2020-02-01,692.38,2020,2
Manhattan,2020-03-01,547.71,2020,3
Manhattan,2020-04-01,713.05,2020,4
Manhattan,2020-05-01,1364.1,2020,5
Manhattan,2020-06-01,2159.83,2020,6
Manhattan,2020-07-01,1074.74,2020,7
Manhattan,2020-08-01,971.41,2020,8
Manhattan,2020-09-01,806.06,2020,9
Manhattan,2020-10-01,1095.41,2020,10
Manhattan,2020-11-01,3007.22,2020,11
Manhattan,2020-12-01,1570.78,2020,12
Manhattan,2021-01-01,1446.77,2021,1
Manhattan,2021-02-01,1281.43,2021,2
Manhattan,2020-01-01,5280.73,2020,1
Manhattan,2020-02-01,3906.29,2020,2
Manhattan,2020-03-01,3699.61,2020,3
Manhattan,2020-04-01,4133.64,2020,4
Manhattan,2020-05-01,4236.98,2020,5
Manhattan,2020-06-01,4526.34,2020,6
Manhattan,2020-07-01,3978.63,2020,7
Manhattan,2020-08-01,3544.6,2020,8
Manhattan,2020-09-01,3544.6,2020,9
Manhattan,2020-10-01,3255.24,2020,10
Manhattan,2020-11-01,3906.29,2020,11
Manhattan,2020-12-01,4071.64,2020,12
Manhattan,2021-01-01,3730.61,2021,1
Manhattan,2021-02-01,4123.31,2021,2
Manhattan,2020-01-01,3058.89,2020,1
Manhattan,2020-02-01,2469.85,2020,2
Manhattan,2020-03-01,2407.85,2020,3
Manhattan,2020-04-01,2686.87,2020,4
Manhattan,2020-05-01,2480.18,2020,5
Manhattan,2020-06-01,2759.2,2020,6
Manhattan,2020-07-01,2955.55,2020,7
Manhattan,2020-08-01,2490.52,2020,8
Manhattan,2020-09-01,2779.87,2020,9
Manhattan,2020-10-01,2872.88,2020,10
Manhattan,2020-11-01,2924.55,2020,11
Manhattan,2020-12-01,3441.26,2020,12
Manhattan,2021-01-01,2976.22,2021,1
Manhattan,2021-02-01,2976.22,2021,2
Manhattan,2020-01-01,1374.44,2020,1
Manhattan,2020-02-01,1333.1,2020,2
Manhattan,2020-03-01,1436.44,2020,3
Manhattan,2020-04-01,1767.13,2020,4
Manhattan,2020-05-01,2046.15,2020,5
Manhattan,2020-06-01,2449.18,2020,6
Manhattan,2020-07-01,2366.51,2020,7
Manhattan,2020-08-01,1601.79,2020,8
Manhattan,2020-09-01,1539.78,2020,9
Manhattan,2020-10-01,1498.44,2020,10
Manhattan,2020-11-01,1777.47,2020,11
Manhattan,2020-12-01,1849.8,2020,12
Manhattan,2021-01-01,1994.48,2021,1
Manhattan,2021-02-01,1901.47,2021,2
Manhattan,2020-01-01,599.38,2020,1
Manhattan,2020-02-01,568.38,2020,2
Manhattan,2020-03-01,630.38,2020,3
Manhattan,2020-04-01,206.68,2020,4
Manhattan,2020-05-01,413.36,2020,5
Manhattan,2020-06-01,289.35,2020,6
Manhattan,2020-07-01,1023.08,2020,7
Manhattan,2020-08-01,640.71,2020,8
Manhattan,2020-09-01,599.38,2020,9
Manhattan,2020-10-01,692.38,2020,10
Manhattan,2020-11-01,723.39,2020,11
Manhattan,2020-12-01,857.73,2020,12
Manhattan,2021-01-01,661.38,2021,1
Manhattan,2021-02-01,992.07,2021,2
Manhattan,2020-01-01,372.03,2020,1
Manhattan,2020-02-01,268.69,2020,2
Manhattan,2020-03-01,506.37,2020,3
Manhattan,2020-04-01,516.71,2020,4
Manhattan,2020-05-01,465.03,2020,5
Manhattan,2020-06-01,568.38,2020,6
Manhattan,2020-07-01,537.38,2020,7
Manhattan,2020-08-01,413.36,2020,8
Manhattan,2020-09-01,454.7,2020,9
Manhattan,2020-10-01,537.37,2020,10
Manhattan,2020-11-01,826.73,2020,11
Manhattan,2020-12-01,899.07,2020,12
Manhattan,2021-01-01,341.03,2021,1
Manhattan,2021-02-01,289.35,2021,2
Manhattan,2020-01-01,2108.16,2020,1
Manhattan,2020-02-01,1684.46,2020,2
Manhattan,2020-03-01,1798.13,2020,3
Manhattan,2020-04-01,2056.49,2020,4
Manhattan,2020-05-01,1839.47,2020,5
Manhattan,2020-06-01,1684.46,2020,6
Manhattan,2020-07-01,1519.12,2020,7
Manhattan,2020-08-01,1663.79,2020,8
Manhattan,2020-09-01,1240.09,2020,9
Manhattan,2020-10-01,1074.75,2020,10
Manhattan,2020-11-01,1167.75,2020,11
Manhattan,2020-12-01,1250.43,2020,12
Manhattan,2021-01-01,1281.43,2021,1
Manhattan,2021-02-01,1343.43,2021,2
Manhattan,2020-01-01,1209.09,2020,1
Manhattan,2020-02-01,981.74,2020,2
Manhattan,2020-03-01,961.07,2020,3
Manhattan,2020-04-01,1167.75,2020,4
Manhattan,2020-05-01,961.07,2020,5
Manhattan,2020-06-01,1157.42,2020,6
Manhattan,2020-07-01,1374.43,2020,7
Manhattan,2020-08-01,1333.1,2020,8
Manhattan,2020-09-01,1147.09,2020,9
Manhattan,2020-10-01,1302.1,2020,10
Manhattan,2020-11-01,1550.12,2020,11
Manhattan,2020-12-01,1529.45,2020,12
Manhattan,2021-01-01,1550.12,2021,1
Manhattan,2021-02-01,1302.1,2021,2
Manhattan,2020-01-01,2232.17,2020,1
Manhattan,2020-02-01,1994.48,2020,2
Manhattan,2020-03-01,1963.48,2020,3
Manhattan,2020-04-01,2366.51,2020,4
Manhattan,2020-05-01,1643.12,2020,5
Manhattan,2020-06-01,2139.16,2020,6
Manhattan,2020-07-01,1684.46,2020,7
Manhattan,2020-08-01,1622.45,2020,8
Manhattan,2020-09-01,1415.77,2020,9
Manhattan,2020-10-01,1167.75,2020,10
Manhattan,2020-11-01,1405.44,2020,11
Manhattan,2020-12-01,1291.76,2020,12
Manhattan,2021-01-01,1302.1,2021,1
Manhattan,2021-02-01,2490.52,2021,2
Manhattan,2020-01-01,1198.76,2020,1
Manhattan,2020-02-01,826.73,2020,2
Manhattan,2020-03-01,423.7,2020,3
Manhattan,2020-04-01,186.01,2020,4
Manhattan,2020-05-01,258.35,2020,5
Manhattan,2020-06-01,1023.08,2020,6
Manhattan,2020-07-01,2635.19,2020,7
Manhattan,2020-08-01,2087.49,2020,8
Manhattan,2020-09-01,196.35,2020,9
Manhattan,2020-10-01,165.35,2020,10
Manhattan,2020-11-01,475.37,2020,11
Manhattan,2020-11-01,134.34,2020,11
Manhattan,2020-01-01,640.71,2020,1
Manhattan,2020-02-01,692.38,2020,2
Manhattan,2020-03-01,496.04,2020,3
Manhattan,2020-04-01,609.71,2020,4
Manhattan,2020-05-01,485.7,2020,5
Manhattan,2020-06-01,713.05,2020,6
Manhattan,2020-07-01,868.06,2020,7
Manhattan,2020-08-01,640.71,2020,8
Manhattan,2020-09-01,527.04,2020,9
Manhattan,2020-10-01,568.38,2020,10
Manhattan,2020-11-01,702.72,2020,11
Manhattan,2020-11-01,196.35,2020,11
Manhattan,2020-01-01,134.34,2020,1
Manhattan,2020-02-01,392.7,2020,2
Manhattan,2020-03-01,713.05,2020,3
Manhattan,2020-04-01,661.38,2020,4
Manhattan,2020-05-01,547.71,2020,5
Manhattan,2020-06-01,516.71,2020,6
Manhattan,2020-07-01,558.04,2020,7
Manhattan,2020-08-01,310.02,2020,8
Manhattan,2020-09-01,351.36,2020,9
Manhattan,2020-10-01,268.69,2020,10
Manhattan,2020-11-01,413.36,2020,11
Manhattan,2020-11-01,134.34,2020,11
Manhattan,2020-01-01,516.71,2020,1
Manhattan,2020-02-01,413.36,2020,2
Manhattan,2020-03-01,392.7,2020,3
Manhattan,2020-04-01,454.7,2020,4
Manhattan,2020-05-01,444.37,2020,5
Manhattan,2020-06-01,506.37,2020,6
Manhattan,2020-07-01,475.37,2020,7
Manhattan,2020-08-01,413.36,2020,8
Manhattan,2020-09-01,403.03,2020,9
Manhattan,2020-10-01,485.7,2020,10
Manhattan,2020-11-01,558.04,2020,11
Manhattan,2020-11-01,165.35,2020,11
Manhattan,2020-01-01,1116.08,2020,1
Manhattan,2020-02-01,1085.08,2020,2
Manhattan,2020-03-01,1043.74,2020,3
Manhattan,2020-04-01,1271.09,2020,4
Manhattan,2020-05-01,1116.08,2020,5
Manhattan,2020-06-01,1157.42,2020,6
Manhattan,2020-07-01,1219.42,2020,7
Manhattan,2020-08-01,950.74,2020,8
Manhattan,2020-09-01,909.4,2020,9
Manhattan,2020-10-01,961.07,2020,10
Manhattan,2020-11-01,837.06,2020,11
Manhattan,2020-11-01,237.68,2020,11
Manhattan,2020-11-01,15294.47,2020,11
Manhattan,2020-11-01,21670.61,2020,11
Manhattan,2020-11-01,330.69,2020,11
Queens,2020-01-01,8804.65,2020,1
Queens,2020-02-01,7450.89,2020,2
Queens,2020-03-01,8070.93,2020,3
Queens,2020-04-01,8773.65,2020,4
Queens,2020-05-01,8577.3,2020,5
Queens,2020-06-01,8835.66,2020,6
Queens,2020-07-01,9724.39,2020,7
Queens,2020-08-01,8690.98,2020,8
Queens,2020-09-01,7843.58,2020,9
Queens,2020-10-01,8029.6,2020,10
Queens,2020-11-01,8690.98,2020,11
Queens,2020-12-01,8856.32,2020,12
Queens,2021-01-01,8391.29,2021,1
Queens,2021-02-01,9094.01,2021,2
Manhattan,2020-01-01,465.03,2020,1
Manhattan,2020-02-01,475.37,2020,2
Manhattan,2020-03-01,351.36,2020,3
Manhattan,2020-04-01,299.69,2020,4
Manhattan,2020-05-01,423.7,2020,5
Manhattan,2020-06-01,651.05,2020,6
Manhattan,2020-07-01,826.73,2020,7
Manhattan,2020-08-01,816.39,2020,8
Manhattan,2020-09-01,857.73,2020,9
Manhattan,2020-10-01,723.39,2020,10
Manhattan,2020-11-01,558.04,2020,11
Manhattan,2020-12-01,372.03,2020,12
Manhattan,2021-01-01,299.69,2021,1
Manhattan,2021-02-01,268.69,2021,2
Bronx,2020-01-01,62.0,2020,1
Bronx,2020-02-01,62.0,2020,2
Bronx,2020-03-01,93.01,2020,3
Bronx,2020-04-01,39.34,2020,4
Bronx,2020-05-01,113.68,2020,5
Bronx,2020-06-01,165.35,2020,6
Bronx,2020-07-01,43.15,2020,7
Bronx,2020-08-01,36.8,2020,8
Bronx,2020-09-01,38.07,2020,9
Bronx,2020-10-01,41.34,2020,10
Bronx,2020-11-01,144.68,2020,11
Bronx,2020-12-01,62.0,2020,12
Bronx,2021-01-01,38.07,2021,1
Bronx,2021-02-01,40.61,2021,2
Queens,2020-01-01,3906.29,2020,1
Queens,2020-02-01,3451.59,2020,2
Queens,2020-03-01,2666.2,2020,3
Queens,2020-04-01,3079.56,2020,4
Queens,2020-05-01,2996.89,2020,5
Queens,2020-06-01,3503.26,2020,6
Queens,2020-07-01,4619.34,2020,7
Queens,2020-08-01,3813.28,2020,8
Queens,2020-09-01,3368.92,2020,9
Queens,2020-10-01,2841.88,2020,10
Queens,2020-11-01,2645.53,2020,11
Queens,2020-12-01,2697.2,2020,12
Queens,2021-01-01,2583.53,2021,1
Queens,2021-02-01,2593.86,2021,2
Queens,2020-06-01,0.0,2020,6
Queens,2020-01-01,1736.13,2020,1
Queens,2020-01-01,0.0,2020,1
Queens,2020-02-01,1426.11,2020,2
Queens,2020-02-01,0.0,2020,2
Queens,2020-03-01,1436.44,2020,3
Queens,2020-03-01,0.0,2020,3
Queens,2020-04-01,1570.78,2020,4
Queens,2020-04-01,0.0,2020,4
Queens,2020-05-01,1550.12,2020,5
Queens,2020-05-01,0.0,2020,5
Queens,2020-06-01,1777.47,2020,6
Queens,2020-07-01,1756.79,2020,7
Queens,2020-07-01,0.0,2020,7
Queens,2020-08-01,1446.77,2020,8
Queens,2020-08-01,0.0,2020,8
Queens,2020-09-01,1374.44,2020,9
Queens,2020-09-01,0.0,2020,9
Queens,2020-10-01,1446.77,2020,10
Queens,2020-10-01,0.0,2020,10
Queens,2020-11-01,1353.77,2020,11
Queens,2020-11-01,0.0,2020,11
Queens,2020-12-01,1736.13,2020,12
Queens,2020-12-01,0.0,2020,12
Queens,2021-01-01,1446.77,2021,1
Queens,2021-01-01,0.0,2021,1
Queens,2021-02-01,1736.13,2021,2
Queens,2021-02-01,0.0,2021,2
Queens,2020-01-01,5601.08,2020,1
Queens,2020-02-01,5787.1,2020,2
Queens,2020-03-01,5415.07,2020,3
Queens,2020-04-01,5601.08,2020,4
Queens,2020-05-01,5415.07,2020,5
Queens,2020-06-01,4485.0,2020,6
Queens,2020-07-01,5973.11,2020,7
Queens,2020-08-01,5787.1,2020,8
Queens,2020-09-01,5601.08,2020,9
Queens,2020-10-01,5415.07,2020,10
Queens,2020-11-01,5973.11,2020,11
Queens,2020-12-01,5415.07,2020,12
Queens,2021-01-01,5601.08,2021,1
Queens,2021-02-01,5415.07,2021,2
Queens,2020-01-01,7988.26,2020,1
Queens,2020-02-01,7120.19,2020,2
Queens,2020-03-01,6386.47,2020,3
Queens,2020-04-01,3048.56,2020,4
Queens,2020-05-01,3120.9,2020,5
Queens,2020-06-01,2407.85,2020,6
Queens,2020-07-01,1622.45,2020,7
Queens,2020-08-01,1302.1,2020,8
Queens,2020-09-01,1426.11,2020,9
Queens,2020-10-01,1291.76,2020,10
Queens,2020-11-01,1384.77,2020,11
Queens,2020-12-01,1167.75,2020,12
Queens,2021-01-01,1126.42,2021,1
Queens,2021-02-01,1167.75,2021,2
Queens,2020-01-01,4267.98,2020,1
Queens,2020-02-01,3368.92,2020,2
Queens,2020-03-01,3151.9,2020,3
Queens,2020-04-01,3895.96,2020,4
Queens,2020-05-01,3751.28,2020,5
Queens,2020-06-01,4536.67,2020,6
Queens,2020-07-01,5167.05,2020,7
Queens,2020-11-01,22342.32,2020,11
Queens,2020-12-01,4402.33,2020,12
Queens,2021-01-01,6097.12,2021,1
Queens,2021-02-01,6293.47,2021,2
Queens,2020-01-01,3926.96,2020,1
Queens,2020-02-01,3637.6,2020,2
Queens,2020-03-01,3379.25,2020,3
Queens,2020-04-01,3854.62,2020,4
Queens,2020-05-01,3523.93,2020,5
Queens,2020-06-01,3916.62,2020,6
Queens,2020-07-01,4391.99,2020,7
Queens,2020-08-01,3957.96,2020,8
Queens,2020-09-01,5156.72,2020,9
Queens,2020-10-01,5497.74,2020,10
Queens,2020-11-01,6603.49,2020,11
Queens,2020-12-01,6148.79,2020,12
Queens,2021-01-01,3627.27,2021,1
Queens,2021-02-01,4009.63,2021,2
Queens,2020-01-01,3461.92,2020,1
Queens,2020-02-01,3120.9,2020,2
Queens,2020-03-01,3182.9,2020,3
Queens,2020-04-01,3441.26,2020,4
Queens,2020-05-01,3038.23,2020,5
Queens,2020-06-01,3678.94,2020,6
Queens,2020-07-01,7399.21,2020,7
Queens,2020-08-01,5528.74,2020,8
Queens,2020-09-01,3451.59,2020,9
Queens,2020-10-01,3337.91,2020,10
Queens,2020-11-01,3720.28,2020,11
Queens,2020-12-01,3647.94,2020,12
Queens,2021-01-01,3368.92,2021,1
Queens,2021-02-01,1467.44,2021,2
Queens,2020-01-01,43.15,2020,1
Queens,2020-02-01,36.8,2020,2
Queens,2020-03-01,35.53,2020,3
Queens,2020-04-01,39.34,2020,4
Queens,2020-05-01,35.53,2020,5
Queens,2020-06-01,40.61,2020,6
Queens,2020-07-01,43.15,2020,7
Queens,2020-08-01,36.8,2020,8
Queens,2020-09-01,38.07,2020,9
Queens,2020-10-01,36.8,2020,10
Queens,2020-11-01,39.34,2020,11
Queens,2020-12-01,38.07,2020,12
Queens,2021-01-01,38.07,2021,1
Queens,2021-02-01,40.61,2021,2
Queens,2020-01-01,6541.49,2020,1
Queens,2020-02-01,5694.09,2020,2
Queens,2020-03-01,4650.35,2020,3
Queens,2020-04-01,3751.28,2020,4
Queens,2020-05-01,3596.27,2020,5
Queens,2020-06-01,4402.33,2020,6
Queens,2020-07-01,4102.63,2020,7
Queens,2020-08-01,3482.59,2020,8
Queens,2020-09-01,3544.6,2020,9
Queens,2020-10-01,3689.27,2020,10
Queens,2020-11-01,3957.96,2020,11
Queens,2020-12-01,3740.94,2020,12
Queens,2021-01-01,3461.92,2021,1
Queens,2021-02-01,3534.26,2021,2
Queens,2020-01-01,2707.53,2020,1
Queens,2020-03-01,2800.54,2020,3
Queens,2020-03-01,2614.53,2020,3
Queens,2020-04-01,2614.53,2020,4
Queens,2020-05-01,2614.53,2020,5
Queens,2020-06-01,1622.45,2020,6
Queens,2020-07-01,2883.21,2020,7
Queens,2020-08-01,2800.54,2020,8
Queens,2020-09-01,2707.53,2020,9
Queens,2020-10-01,2614.53,2020,10
Queens,2020-11-01,2883.21,2020,11
Queens,2020-12-01,2614.53,2020,12
Queens,2021-01-01,2707.53,2021,1
Queens,2021-02-01,2614.53,2021,2
Queens,2020-01-01,0.0,2020,1
Queens,2020-01-01,1674.12,2020,1
Queens,2020-02-01,0.0,2020,2
Queens,2020-02-01,1477.78,2020,2
Queens,2020-03-01,0.0,2020,3
Queens,2020-03-01,1663.79,2020,3
Queens,2020-04-01,0.0,2020,4
Queens,2020-04-01,1694.79,2020,4
Queens,2020-05-01,0.0,2020,5
Queens,2020-05-01,1219.42,2020,5
Queens,2020-06-01,0.0,2020,6
Queens,2020-06-01,1374.44,2020,6
Queens,2020-07-01,0.0,2020,7
Queens,2020-07-01,1322.77,2020,7
Queens,2020-08-01,0.0,2020,8
Queens,2020-08-01,1322.76,2020,8
Queens,2020-09-01,0.0,2020,9
Queens,2020-09-01,1291.76,2020,9
Queens,2020-10-01,0.0,2020,10
Queens,2020-10-01,1157.42,2020,10
Queens,2020-11-01,0.0,2020,11
Queens,2020-11-01,1198.76,2020,11
Queens,2020-12-01,0.0,2020,12
Queens,2020-12-01,1157.42,2020,12
Queens,2021-01-01,0.0,2021,1
Queens,2021-01-01,1116.08,2021,1
Queens,2021-02-01,0.0,2021,2
Queens,2021-02-01,1302.1,2021,2
Queens,2020-01-01,3895.96,2020,1
Queens,2020-02-01,3472.26,2020,2
Queens,2020-03-01,3492.93,2020,3
Queens,2020-04-01,3999.3,2020,4
Queens,2020-05-01,3358.58,2020,5
Queens,2020-06-01,3751.28,2020,6
Queens,2020-07-01,3864.95,2020,7
Queens,2020-08-01,3503.26,2020,8
Queens,2020-09-01,3492.93,2020,9
Queens,2020-10-01,3523.93,2020,10
Queens,2020-11-01,3813.28,2020,11
Queens,2020-12-01,3720.28,2020,12
Queens,2021-01-01,3637.6,2021,1
Queens,2021-02-01,3802.95,2021,2
Queens,2020-01-01,4867.36,2020,1
Queens,2020-02-01,3244.91,2020,2
Queens,2020-03-01,3193.24,2020,3
Queens,2020-04-01,3854.62,2020,4
Queens,2020-05-01,3637.6,2020,5
Queens,2020-06-01,3885.62,2020,6
Queens,2020-07-01,3916.62,2020,7
Queens,2020-08-01,3513.59,2020,8
Queens,2020-09-01,3441.26,2020,9
Queens,2020-10-01,3348.25,2020,10
Queens,2020-11-01,3379.25,2020,11
Queens,2020-12-01,3492.93,2020,12
Queens,2021-01-01,3296.58,2021,1
Queens,2021-02-01,3441.26,2021,2
Queens,2020-01-01,0.0,2020,1
Queens,2020-01-01,2201.16,2020,1
Queens,2020-02-01,0.0,2020,2
Queens,2020-02-01,1973.81,2020,2
Queens,2020-03-01,0.0,2020,3
Queens,2020-03-01,2170.16,2020,3
Queens,2020-04-01,0.0,2020,4
Queens,2020-04-01,2211.5,2020,4
Queens,2020-05-01,0.0,2020,5
Queens,2020-05-01,2201.16,2020,5
Queens,2020-06-01,0.0,2020,6
Queens,2020-06-01,2459.52,2020,6
Queens,2020-07-01,0.0,2020,7
Queens,2020-07-01,2748.87,2020,7
Queens,2020-08-01,2242.5,2020,8
Queens,2020-08-01,0.0,2020,8
Queens,2020-09-01,2335.51,2020,9
Queens,2020-09-01,0.0,2020,9
Queens,2020-10-01,0.0,2020,10
Queens,2020-10-01,2521.52,2020,10
Queens,2020-11-01,0.0,2020,11
Queens,2020-11-01,2542.19,2020,11
Queens,2020-12-01,0.0,2020,12
Queens,2020-12-01,2521.52,2020,12
Queens,2021-01-01,0.0,2021,1
Queens,2021-01-01,2707.53,2021,1
Queens,2021-02-01,0.0,2021,2
Queens,2021-02-01,2852.21,2021,2
Queens,2020-01-01,3162.23,2020,1
Queens,2020-02-01,2015.15,2020,2
Queens,2020-03-01,1942.81,2020,3
Queens,2020-04-01,2314.84,2020,4
Queens,2020-05-01,2211.5,2020,5
Queens,2020-06-01,2335.51,2020,6
Queens,2020-07-01,2469.85,2020,7
Queens,2020-08-01,2035.82,2020,8
Queens,2020-09-01,2108.16,2020,9
Queens,2020-10-01,2004.82,2020,10
Queens,2020-11-01,2252.83,2020,11
Queens,2020-12-01,2356.17,2020,12
Queens,2021-01-01,2252.83,2021,1
Queens,2021-02-01,2438.85,2021,2
Queens,2020-01-01,6024.78,2020,1
Queens,2020-02-01,6024.78,2020,2
Queens,2020-03-01,4578.01,2020,3
Queens,2020-04-01,4774.35,2020,4
Queens,2020-05-01,4660.68,2020,5
Queens,2020-06-01,5787.1,2020,6
Queens,2020-07-01,5838.77,2020,7
Queens,2020-08-01,4609.01,2020,8
Queens,2020-09-01,5260.06,2020,9
Queens,2020-10-01,5105.05,2020,10
Queens,2020-11-01,5497.74,2020,11
Queens,2020-12-01,5435.74,2020,12
Queens,2021-01-01,5425.4,2021,1
Queens,2021-02-01,6107.45,2021,2
Queens,2020-01-01,1870.47,2020,1
Queens,2020-02-01,1364.1,2020,2
Queens,2020-03-01,1591.45,2020,3
Queens,2020-04-01,1818.8,2020,4
Queens,2020-05-01,1663.79,2020,5
Queens,2020-06-01,1911.81,2020,6
Queens,2020-07-01,1767.13,2020,7
Queens,2020-08-01,1364.1,2020,8
Queens,2020-09-01,1384.77,2020,9
Queens,2020-10-01,1260.76,2020,10
Queens,2020-11-01,1436.44,2020,11
Queens,2020-12-01,1446.77,2020,12
Queens,2021-01-01,1322.76,2021,1
Queens,2021-02-01,1426.11,2021,2
Queens,2020-01-01,38587.53,2020,1
Queens,2020-02-01,31167.65,2020,2
Queens,2020-03-01,22931.37,2020,3
Queens,2020-04-01,26775.65,2020,4
Queens,2020-05-01,22828.03,2020,5
Queens,2020-06-01,10396.1,2020,6
Queens,2020-07-01,9786.39,2020,7
Queens,2020-08-01,9280.02,2020,8
Queens,2020-09-01,8360.29,2020,9
Queens,2020-10-01,9383.36,2020,10
Queens,2020-11-01,20606.2,2020,11
Queens,2020-12-01,27302.69,2020,12
Queens,2021-01-01,30847.29,2021,1
Queens,2021-02-01,18539.38,2021,2
Staten,2020-01-01,320.36,2020,1
Staten,2020-02-01,320.36,2020,2
Staten,2020-03-01,299.69,2020,3
Staten,2020-04-01,320.36,2020,4
Staten,2020-05-01,351.36,2020,5
Staten,2020-06-01,465.03,2020,6
Staten,2020-07-01,382.36,2020,7
Staten,2020-08-01,899.07,2020,8
Staten,2020-09-01,713.05,2020,9
Staten,2020-10-01,795.73,2020,10
Staten,2020-11-01,930.07,2020,11
Staten,2020-12-01,950.74,2020,12
Staten,2021-01-01,1023.08,2021,1
Bronx,2020-01-01,4288.65,2020,1
Bronx,2020-02-01,4019.96,2020,2
Bronx,2020-03-01,4288.65,2020,3
Bronx,2020-04-01,4288.65,2020,4
Bronx,2020-05-01,4019.96,2020,5
Bronx,2020-06-01,4288.65,2020,6
Bronx,2020-07-01,4433.33,2020,7
Bronx,2020-08-01,4288.65,2020,8
Bronx,2020-09-01,4154.31,2020,9
Bronx,2020-10-01,4019.96,2020,10
Bronx,2020-11-01,4433.33,2020,11
Bronx,2020-12-01,4019.96,2020,12
Bronx,2021-01-01,4154.31,2021,1
Bronx,2021-02-01,4019.96,2021,2
Bronx,2020-01-01,6355.47,2020,1
Bronx,2020-02-01,5942.11,2020,2
Bronx,2020-03-01,6355.47,2020,3
Bronx,2020-04-01,6355.47,2020,4
Bronx,2020-05-01,5942.11,2020,5
Bronx,2020-06-01,6355.47,2020,6
Bronx,2020-07-01,6551.82,2020,7
Bronx,2020-08-01,6355.47,2020,8
Bronx,2020-09-01,6148.79,2020,9
Bronx,2020-10-01,5942.11,2020,10
Bronx,2020-11-01,6562.15,2020,11
Bronx,2020-12-01,5942.11,2020,12
Bronx,2021-01-01,6148.79,2021,1
Bronx,2021-02-01,5942.11,2021,2
Bronx,2020-01-01,8970.0,2020,1
Bronx,2020-02-01,7554.23,2020,2
Bronx,2020-03-01,7461.22,2020,3
Bronx,2020-04-01,7977.93,2020,4
Bronx,2020-05-01,7399.22,2020,5
Bronx,2020-06-01,8752.98,2020,6
Bronx,2020-07-01,8804.65,2020,7
Bronx,2020-08-01,6748.17,2020,8
Bronx,2020-09-01,7430.22,2020,9
Bronx,2020-10-01,8835.66,2020,10
Bronx,2020-11-01,10437.44,2020,11
Bronx,2020-12-01,7926.25,2020,12
Bronx,2021-01-01,7833.25,2021,1
Bronx,2021-02-01,8174.27,2021,2
Brooklyn,2020-01-01,3348.25,2020,1
Brooklyn,2020-02-01,2562.86,2020,2
Brooklyn,2020-03-01,2655.86,2020,3
Brooklyn,2020-04-01,2955.55,2020,4
Brooklyn,2020-05-01,2769.54,2020,5
Brooklyn,2020-06-01,3151.9,2020,6
Brooklyn,2020-07-01,3523.92,2020,7
Brooklyn,2020-08-01,3306.91,2020,8
Brooklyn,2020-09-01,3544.6,2020,9
Brooklyn,2020-10-01,3213.91,2020,10
Brooklyn,2020-11-01,3317.25,2020,11
Brooklyn,2020-12-01,3823.62,2020,12
Brooklyn,2021-01-01,3668.61,2021,1
Brooklyn,2021-02-01,4030.3,2021,2
Brooklyn,2020-01-01,2542.19,2020,1
Brooklyn,2020-02-01,2531.85,2020,2
Brooklyn,2020-03-01,2438.85,2020,3
Brooklyn,2020-04-01,2779.87,2020,4
Brooklyn,2020-05-01,3007.22,2020,5
Brooklyn,2020-06-01,3089.9,2020,6
Brooklyn,2020-07-01,2748.87,2020,7
Brooklyn,2020-08-01,2438.85,2020,8
Brooklyn,2020-09-01,2418.18,2020,9
Brooklyn,2020-10-01,2232.17,2020,10
Brooklyn,2020-11-01,2428.51,2020,11
Brooklyn,2020-12-01,2345.84,2020,12
Brooklyn,2021-01-01,2686.87,2021,1
Brooklyn,2021-02-01,2821.21,2021,2
Brooklyn,2020-01-01,2562.86,2020,1
Brooklyn,2020-02-01,2139.16,2020,2
Brooklyn,2020-03-01,2232.17,2020,3
Brooklyn,2020-04-01,2500.85,2020,4
Brooklyn,2020-05-01,2655.86,2020,5
Brooklyn,2020-06-01,3069.23,2020,6
Brooklyn,2020-07-01,2335.5,2020,7
Brooklyn,2020-08-01,2056.49,2020,8
Brooklyn,2020-09-01,2087.49,2020,9
Brooklyn,2020-10-01,2170.16,2020,10
Brooklyn,2020-11-01,2438.85,2020,11
Brooklyn,2020-12-01,2366.51,2020,12
Brooklyn,2021-01-01,2252.83,2021,1
Brooklyn,2021-02-01,2294.17,2021,2
Brooklyn,2020-03-01,7326.88,2020,3
Brooklyn,2020-04-01,1395.1,2020,4
Brooklyn,2020-05-01,2387.18,2020,5
Brooklyn,2020-06-01,2438.85,2020,6
Brooklyn,2020-07-01,2686.87,2020,7
Brooklyn,2020-08-01,2025.48,2020,8
Brooklyn,2020-09-01,2314.84,2020,9
Brooklyn,2020-10-01,2686.87,2020,10
Brooklyn,2020-11-01,2800.54,2020,11
Brooklyn,2020-12-01,2573.19,2020,12
Brooklyn,2021-01-01,2686.87,2021,1
Brooklyn,2021-02-01,3730.61,2021,2
Brooklyn,2020-01-01,4474.67,2020,1
Brooklyn,2020-01-01,7347.55,2020,1
Brooklyn,2020-02-01,3451.59,2020,2
Brooklyn,2020-02-01,6076.45,2020,2
Brooklyn,2020-03-01,3441.26,2020,3
Brooklyn,2020-03-01,5859.43,2020,3
Brooklyn,2020-04-01,3534.26,2020,4
Brooklyn,2020-04-01,6086.78,2020,4
Brooklyn,2020-05-01,3802.95,2020,5
Brooklyn,2020-05-01,5993.78,2020,5
Brooklyn,2020-06-01,4412.66,2020,6
Brooklyn,2020-06-01,6448.48,2020,6
Brooklyn,2020-07-01,4598.67,2020,7
Brooklyn,2020-07-01,6634.49,2020,7
Brooklyn,2020-08-01,3844.29,2020,8
Brooklyn,2020-08-01,6314.14,2020,8
Brooklyn,2020-09-01,3813.28,2020,9
Brooklyn,2020-09-01,6820.51,2020,9
Brooklyn,2020-10-01,4257.65,2020,10
Brooklyn,2020-10-01,6479.48,2020,10
Brooklyn,2020-11-01,4485.0,2020,11
Brooklyn,2020-11-01,7946.92,2020,11
Brooklyn,2020-12-01,4164.64,2020,12
Brooklyn,2020-12-01,8060.6,2020,12
Brooklyn,2021-01-01,3771.95,2021,1
Brooklyn,2021-01-01,8256.95,2021,1
Brooklyn,2021-02-01,3534.26,2021,2
Brooklyn,2021-02-01,9652.05,2021,2
Manhattan,2020-01-01,3510.28,2020,1
Manhattan,2020-02-01,3283.81,2020,2
Manhattan,2020-03-01,3510.28,2020,3
Manhattan,2020-04-01,3510.28,2020,4
Manhattan,2020-05-01,3283.81,2020,5
Manhattan,2020-06-01,3510.28,2020,6
Manhattan,2020-07-01,3633.14,2020,7
Manhattan,2020-08-01,3519.91,2020,8
Manhattan,2020-09-01,3406.36,2020,9
Manhattan,2020-10-01,3292.82,2020,10
Manhattan,2020-11-01,3633.45,2020,11
Manhattan,2020-12-01,3292.82,2020,12
Manhattan,2021-01-01,3406.36,2021,1
Manhattan,2021-02-01,3292.82,2021,2
Manhattan,2020-01-01,9662.38,2020,1
Manhattan,2020-02-01,8587.64,2020,2
Manhattan,2020-03-01,8184.61,2020,3
Manhattan,2020-04-01,9083.67,2020,4
Manhattan,2020-05-01,8597.97,2020,5
Manhattan,2020-06-01,9879.4,2020,6
Manhattan,2020-07-01,11036.82,2020,7
Manhattan,2020-08-01,10499.45,2020,8
Manhattan,2020-09-01,11202.16,2020,9
Manhattan,2020-10-01,11264.17,2020,10
Manhattan,2020-11-01,12297.58,2020,11
Manhattan,2020-12-01,12462.92,2020,12
Manhattan,2021-01-01,12400.92,2021,1
Manhattan,2021-02-01,11687.87,2021,2
Bronx,2020-11-01,41822.1,2020,11
Bronx,2020-12-01,11677.53,2020,12
Bronx,2021-01-01,11594.86,2021,1
Bronx,2021-02-01,12700.61,2021,2
Bronx,2020-01-01,1064.41,2020,1
Bronx,2020-01-01,3988.96,2020,1
Bronx,2020-02-01,3740.94,2020,2
Bronx,2020-02-01,795.73,2020,2
Bronx,2020-03-01,3988.96,2020,3
Bronx,2020-03-01,506.37,2020,3
Bronx,2020-04-01,888.73,2020,4
Bronx,2020-04-01,3988.96,2020,4
Bronx,2020-05-01,940.4,2020,5
Bronx,2020-05-01,3740.94,2020,5
Bronx,2020-06-01,1085.08,2020,6
Bronx,2020-06-01,3988.96,2020,6
Bronx,2020-07-01,1260.76,2020,7
Bronx,2020-07-01,4112.97,2020,7
Bronx,2020-08-01,1023.08,2020,8
Bronx,2020-08-01,3988.96,2020,8
Bronx,2020-09-01,1023.08,2020,9
Bronx,2020-09-01,3864.95,2020,9
Bronx,2020-10-01,682.05,2020,10
Bronx,2020-10-01,3740.94,2020,10
Bronx,2020-11-01,537.37,2020,11
Bronx,2020-11-01,4123.31,2020,11
Bronx,2020-12-01,547.71,2020,12
Bronx,2020-12-01,3740.94,2020,12
Bronx,2021-01-01,640.71,2021,1
Bronx,2021-01-01,3864.95,2021,1
Bronx,2021-02-01,754.39,2021,2
Bronx,2021-02-01,3740.94,2021,2
Bronx,2020-01-01,2800.54,2020,1
Bronx,2020-02-01,2035.82,2020,2
Bronx,2020-03-01,2686.87,2020,3
Bronx,2020-04-01,3544.6,2020,4
Bronx,2020-05-01,3275.91,2020,5
Bronx,2020-06-01,3833.95,2020,6
Bronx,2020-07-01,2831.55,2020,7
Bronx,2020-08-01,2449.18,2020,8
Bronx,2020-09-01,2418.18,2020,9
Bronx,2020-10-01,2211.5,2020,10
Bronx,2020-11-01,2366.51,2020,11
Bronx,2020-12-01,2604.19,2020,12
Bronx,2021-01-01,2252.83,2021,1
Bronx,2021-02-01,2283.84,2021,2
Bronx,2020-01-01,2387.18,2020,1
Bronx,2020-02-01,2914.22,2020,2
Bronx,2020-03-01,1839.47,2020,3
Bronx,2020-04-01,2924.55,2020,4
Bronx,2020-05-01,3224.24,2020,5
Bronx,2020-06-01,4030.3,2020,6
Bronx,2020-07-01,4774.36,2020,7
Bronx,2020-08-01,4030.3,2020,8
Bronx,2020-09-01,3968.29,2020,9
Bronx,2020-10-01,1384.77,2020,10
Bronx,2020-11-01,1467.44,2020,11
Bronx,2020-12-01,1384.77,2020,12
Bronx,2021-01-01,1467.44,2021,1
Bronx,2021-02-01,1519.11,2021,2
Bronx,2020-01-01,1911.81,2020,1
Bronx,2020-02-01,2118.49,2020,2
Bronx,2020-03-01,2263.17,2020,3
Bronx,2020-04-01,2810.88,2020,4
Bronx,2020-05-01,2779.87,2020,5
Bronx,2020-06-01,2438.85,2020,6
Bronx,2020-07-01,2707.54,2020,7
Bronx,2020-08-01,2376.84,2020,8
Bronx,2020-09-01,1808.47,2020,9
Bronx,2020-10-01,1643.12,2020,10
Bronx,2020-11-01,1684.46,2020,11
Bronx,2020-12-01,1787.8,2020,12
Bronx,2021-01-01,2480.18,2021,1
Bronx,2021-02-01,1663.79,2021,2
Bronx,2020-01-01,4454.0,2020,1
Bronx,2020-02-01,2821.21,2020,2
Bronx,2020-03-01,2645.53,2020,3
Bronx,2020-04-01,2955.55,2020,4
Bronx,2020-05-01,2480.18,2020,5
Bronx,2020-06-01,2624.86,2020,6
Bronx,2020-07-01,3637.6,2020,7
Bronx,2020-08-01,2686.87,2020,8
Bronx,2020-09-01,2666.2,2020,9
Bronx,2020-10-01,2903.88,2020,10
Bronx,2020-11-01,3234.57,2020,11
Bronx,2020-12-01,3699.61,2020,12
Bronx,2021-01-01,4629.68,2021,1
Bronx,2021-02-01,5218.72,2021,2
Manhattan,2020-01-01,43.15,2020,1
Manhattan,2020-01-01,9404.03,2020,1
Manhattan,2020-01-01,9.17,2020,1
Manhattan,2020-02-01,8783.99,2020,2
Manhattan,2020-02-01,36.8,2020,2
Manhattan,2020-02-01,8.58,2020,2
Manhattan,2020-03-01,35.53,2020,3
Manhattan,2020-03-01,9383.36,2020,3
Manhattan,2020-03-01,9.17,2020,3
Manhattan,2020-04-01,39.34,2020,4
Manhattan,2020-04-01,9414.37,2020,4
Manhattan,2020-04-01,9.17,2020,4
Manhattan,2020-05-01,35.53,2020,5
Manhattan,2020-05-01,8825.32,2020,5
Manhattan,2020-05-01,8.58,2020,5
Manhattan,2020-06-01,40.61,2020,6
Manhattan,2020-06-01,9476.37,2020,6
Manhattan,2020-06-01,9.17,2020,6
Manhattan,2020-07-01,43.15,2020,7
Manhattan,2020-07-01,9765.73,2020,7
Manhattan,2020-07-01,9.5,2020,7
Manhattan,2020-08-01,36.8,2020,8
Manhattan,2020-08-01,9486.7,2020,8
Manhattan,2020-08-01,9.2,2020,8
Manhattan,2020-09-01,38.07,2020,9
Manhattan,2020-09-01,9197.35,2020,9
Manhattan,2020-09-01,8.91,2020,9
Manhattan,2020-10-01,36.8,2020,10
Manhattan,2020-10-01,8835.66,2020,10
Manhattan,2020-10-01,8.61,2020,10
Manhattan,2020-11-01,39.34,2020,11
Manhattan,2020-11-01,9734.72,2020,11
Manhattan,2020-11-01,9.5,2020,11
Manhattan,2020-12-01,8825.32,2020,12
Manhattan,2020-12-01,38.07,2020,12
Manhattan,2020-12-01,8.61,2020,12
Manhattan,2021-01-01,9135.34,2021,1
Manhattan,2021-01-01,38.07,2021,1
Manhattan,2021-01-01,8.91,2021,1
Manhattan,2021-02-01,40.61,2021,2
Manhattan,2021-02-01,8835.66,2021,2
Manhattan,2021-02-01,8.61,2021,2
Manhattan,2020-01-01,4846.69,2020,1
Manhattan,2020-01-01,7988.26,2020,1
Manhattan,2020-02-01,4536.67,2020,2
Manhattan,2020-02-01,7182.2,2020,2
Manhattan,2020-03-01,4846.69,2020,3
Manhattan,2020-03-01,6934.18,2020,3
Manhattan,2020-04-01,7750.58,2020,4
Manhattan,2020-04-01,4846.69,2020,4
Manhattan,2020-05-01,4536.67,2020,5
Manhattan,2020-05-01,7285.54,2020,5
Manhattan,2020-06-01,7853.92,2020,6
Manhattan,2020-06-01,4846.69,2020,6
Manhattan,2020-07-01,8422.29,2020,7
Manhattan,2020-07-01,4991.37,2020,7
Manhattan,2020-08-01,6965.18,2020,8
Manhattan,2020-08-01,4846.69,2020,8
Manhattan,2020-09-01,7151.2,2020,9
Manhattan,2020-09-01,4691.68,2020,9
Manhattan,2020-10-01,4536.67,2020,10
Manhattan,2020-10-01,7171.87,2020,10
Manhattan,2020-11-01,7812.58,2020,11
Manhattan,2020-11-01,5001.7,2020,11
Manhattan,2020-12-01,8432.63,2020,12
Manhattan,2020-12-01,4536.67,2020,12
Manhattan,2021-01-01,8019.26,2021,1
Manhattan,2021-01-01,4691.68,2021,1
Manhattan,2021-02-01,8639.31,2021,2
Manhattan,2021-02-01,4536.67,2021,2
Brooklyn,2020-01-01,103.34,2020,1
Brooklyn,2020-02-01,103.34,2020,2
Brooklyn,2020-03-01,103.34,2020,3
Brooklyn,2020-04-01,103.34,2020,4
Brooklyn,2020-05-01,103.34,2020,5
Brooklyn,2020-06-01,103.34,2020,6
Brooklyn,2020-07-01,103.34,2020,7
Brooklyn,2020-08-01,103.34,2020,8
Brooklyn,2020-09-01,103.34,2020,9
Brooklyn,2020-10-01,103.34,2020,10
Brooklyn,2020-11-01,113.68,2020,11
Brooklyn,2020-12-01,103.34,2020,12
Brooklyn,2021-01-01,103.34,2021,1
Brooklyn,2021-02-01,103.34,2021,2
Manhattan,2020-01-01,196.35,2020,1
Manhattan,2020-02-01,175.68,2020,2
Manhattan,2020-03-01,196.35,2020,3
Manhattan,2020-04-01,196.35,2020,4
Manhattan,2020-05-01,175.68,2020,5
Manhattan,2020-06-01,196.35,2020,6
Manhattan,2020-07-01,196.35,2020,7
Manhattan,2020-08-01,196.35,2020,8
Manhattan,2020-09-01,186.01,2020,9
Manhattan,2020-10-01,175.68,2020,10
Manhattan,2020-11-01,196.35,2020,11
Manhattan,2020-12-01,175.68,2020,12
Manhattan,2021-01-01,186.01,2021,1
Manhattan,2021-02-01,175.68,2021,2
Manhattan,2020-01-01,2748.87,2020,1
Manhattan,2020-02-01,2624.86,2020,2
Manhattan,2020-03-01,2418.18,2020,3
Manhattan,2020-04-01,2697.2,2020,4
Manhattan,2020-05-01,2397.51,2020,5
Manhattan,2020-06-01,2376.84,2020,6
Manhattan,2020-07-01,2459.51,2020,7
Manhattan,2020-08-01,2118.49,2020,8
Manhattan,2020-09-01,2304.5,2020,9
Manhattan,2020-10-01,4205.98,2020,10
Manhattan,2020-11-01,4050.97,2020,11
Manhattan,2020-11-01,1198.76,2020,11
Manhattan,2020-12-01,2469.85,2020,12
Manhattan,2021-01-01,2872.88,2021,1
Manhattan,2021-02-01,3193.24,2021,2
Manhattan,2020-01-01,2128.82,2020,1
Manhattan,2020-02-01,1715.46,2020,2
Manhattan,2020-03-01,1808.47,2020,3
Manhattan,2020-04-01,1973.81,2020,4
Manhattan,2020-05-01,1901.47,2020,5
Manhattan,2020-06-01,2149.49,2020,6
Manhattan,2020-07-01,2325.18,2020,7
Manhattan,2020-08-01,2159.83,2020,8
Manhattan,2020-09-01,2108.16,2020,9
Manhattan,2020-10-01,2149.49,2020,10
Manhattan,2020-11-01,2345.84,2020,11
Manhattan,2020-12-01,3100.23,2020,12
Manhattan,2021-01-01,2728.2,2021,1
Manhattan,2021-02-01,2821.21,2021,2
Bronx,2020-01-01,7864.25,2020,1
Bronx,2020-02-01,6231.46,2020,2
Bronx,2020-03-01,6624.16,2020,3
Bronx,2020-04-01,6903.18,2020,4
Bronx,2020-05-01,6789.5,2020,5
Bronx,2020-06-01,7430.22,2020,6
Bronx,2020-07-01,7729.9,2020,7
Bronx,2020-08-01,6200.46,2020,8
Bronx,2020-09-01,6500.15,2020,9
Bronx,2020-10-01,7285.54,2020,10
Bronx,2020-11-01,7822.91,2020,11
Bronx,2020-12-01,7822.91,2020,12
Bronx,2021-01-01,7089.19,2021,1
Bronx,2021-02-01,6830.84,2021,2
Bronx,2020-01-01,10509.78,2020,1
Bronx,2020-02-01,9104.34,2020,2
Bronx,2020-03-01,8876.99,2020,3
Bronx,2020-04-01,10334.1,2020,4
Bronx,2020-05-01,11160.83,2020,5
Bronx,2020-06-01,10892.14,2020,6
Bronx,2020-07-01,9848.39,2020,7
Bronx,2020-08-01,8639.31,2020,8
Bronx,2020-09-01,8236.28,2020,9
Bronx,2020-10-01,7595.56,2020,10
Bronx,2020-11-01,10261.76,2020,11
Bronx,2020-12-01,10447.78,2020,12
Bronx,2021-01-01,10055.08,2021,1
Bronx,2021-02-01,9528.04,2021,2
Bronx,2020-01-01,19324.77,2020,1
Bronx,2020-02-01,14932.77,2020,2
Bronx,2020-03-01,15893.85,2020,3
Bronx,2020-04-01,18229.35,2020,4
Bronx,2020-05-01,17753.98,2020,5
Bronx,2020-06-01,17392.29,2020,6
Bronx,2020-07-01,18456.7,2020,7
Bronx,2020-08-01,15046.45,2020,8
Bronx,2020-09-01,16203.87,2020,9
Bronx,2020-10-01,14664.09,2020,10
Bronx,2020-11-01,15046.45,2020,11
Bronx,2020-12-01,15511.48,2020,12
Bronx,2021-01-01,15831.84,2021,1
Bronx,2021-02-01,14354.06,2021,2
Manhattan,2020-11-01,25783.58,2020,11
Manhattan,2020-11-01,2531.85,2020,11
Manhattan,2020-11-01,8587.64,2020,11
Manhattan,2020-12-01,30454.59,2020,12
Manhattan,2020-11-01,14726.09,2020,11
Brooklyn,2020-01-01,43.15,2020,1
Brooklyn,2020-02-01,36.8,2020,2
Brooklyn,2020-03-01,35.53,2020,3
Brooklyn,2020-04-01,39.34,2020,4
Brooklyn,2020-05-01,35.53,2020,5
Brooklyn,2020-06-01,40.61,2020,6
Brooklyn,2020-07-01,43.15,2020,7
Brooklyn,2020-08-01,36.8,2020,8
Brooklyn,2020-09-01,38.07,2020,9
Brooklyn,2020-10-01,36.8,2020,10
Brooklyn,2020-11-01,39.34,2020,11
Brooklyn,2020-12-01,38.07,2020,12
Brooklyn,2021-01-01,38.07,2021,1
Brooklyn,2021-02-01,40.61,2021,2
Brooklyn,2020-01-01,113.68,2020,1
Brooklyn,2020-02-01,41.34,2020,2
Brooklyn,2020-03-01,41.34,2020,3
Brooklyn,2020-04-01,39.34,2020,4
Brooklyn,2020-05-01,35.53,2020,5
Brooklyn,2020-06-01,40.61,2020,6
Brooklyn,2020-07-01,43.15,2020,7
Brooklyn,2020-08-01,36.8,2020,8
Brooklyn,2020-09-01,38.07,2020,9
Brooklyn,2020-10-01,41.34,2020,10
Brooklyn,2020-11-01,103.34,2020,11
Brooklyn,2020-12-01,38.07,2020,12
Brooklyn,2021-01-01,38.07,2021,1
Brooklyn,2021-02-01,40.61,2021,2
Brooklyn,2020-01-01,43.15,2020,1
Brooklyn,2020-02-01,36.8,2020,2
Brooklyn,2020-03-01,35.53,2020,3
Brooklyn,2020-04-01,39.34,2020,4
Brooklyn,2020-05-01,35.53,2020,5
Brooklyn,2020-06-01,40.61,2020,6
Brooklyn,2020-07-01,43.15,2020,7
Brooklyn,2020-08-01,36.8,2020,8
Brooklyn,2020-09-01,38.07,2020,9
Brooklyn,2020-10-01,36.8,2020,10
Brooklyn,2020-11-01,39.34,2020,11
Brooklyn,2020-12-01,38.07,2020,12
Brooklyn,2021-01-01,38.07,2021,1
Brooklyn,2021-02-01,40.61,2021,2
